Owner,total_capacity_ttpa,n_plants,n_countries,n_regions,avg_litpop_value_50km,centroid_lat,centroid_lon
A. Finkl & Sons Corp,573.0,1,1,1,,41.724915,-87.589968
ABA Çelik Demir LŞ,1100.0,1,1,1,,36.747413,36.21733
AFA Steel,500.0,1,1,1,,46.843697,46.843697
AFV Acciaierie Beltrame SpA,1200.0,1,1,1,,45.522097,11.499295
AG Siderurgica Balboa SA,1300.0,1,1,1,,38.326405,-6.767326
AG der Dillinger Hüttenwerke AG,0.0,1,1,1,,49.353884,6.746603
ALPA - Aciéries et Laminoirs de Paris SAS,700.0,1,1,1,,48.983515,1.76245
AM/NS Calvert LLC,1500.0,1,1,1,,31.148446,-87.990521
Abba Steel Ltd,0.0,1,1,1,,-17.397866,15.891022
Abinski Elektrometallurgicheski Zavod LLC,1600.0,1,1,1,,44.881938,38.12751
Abu Dhabi National for Building Materials Co PJSC,1000.0,1,1,1,,24.37872,54.475153
Abul Khair Steel Ltd,1400.0,1,1,1,,22.472008,91.734827
Acciai Speciali Terni SpA,1450.0,1,1,1,,42.564752,12.66936
Acciaieria Arvedi SpA,4300.0,1,1,1,,45.145949,9.950821
Acciaierie Bertoli Safau SpA,1500.0,1,1,1,,46.008483,13.255117
Acciaierie Venete SpA,1740.0,3,1,1,,45.70568033333333,11.185377666666668
Acciaierie d'italia SpA,0.0,1,1,1,,40.508993,17.207589
Acciaierie di Calvisano SpA,600.0,1,1,1,,45.371651,10.331967
Acciaierie di Sicilia SpA,500.0,1,1,1,,37.438448,15.03287
Acciaierie di Verona SpA,1250.0,1,1,1,,45.42882,11.000861
Acerinox Europa SAU,1200.0,1,1,1,,36.181686,-5.426626
Aceros AZA SA,520.0,1,1,1,,-33.294729,-70.727881
Aceros Especiales Simec Tlaxcala SA de CV,1956.0,2,1,1,,20.749476,-99.50398949999999
Acindar Industria Argentina de Aceros SA,2000.0,1,1,1,,-33.249936,-60.300415
Aco Verde do Brasil SA,600.0,1,1,1,,-4.874373,-47.4073517
Action Ispat and Power Pvt Ltd,375.0,1,1,1,10881255868.230427,21.839759,83.982227
Ada - Aceria De Angola SA,500.0,1,1,1,,-8.5824,13.405271
Adhunik Metaliks Ltd,500.0,1,1,1,10059622581.38454,22.308371,84.763584
African Natural Resources & Mines Ltd,0.0,1,1,1,,9.462715,7.368
Agha Steel Industries Ltd,450.0,1,1,1,,24.841851,67.310159
Ahya Steel Folad Baft Co,0.0,1,1,1,,29.289109,56.490707
Aichi Steel Corp,1495.0,1,1,1,2355302210489.7534,35.044558,136.900772
Ajaokuta Steel Co Ltd,0.0,1,1,1,,7.511336,6.689364
Aktobe Generatsiya LLC,0.0,1,1,1,,50.355117,57.145119
Al Atoun Steel Industries,0.0,1,1,1,,24.029,38.180077
Al Ezz Dekheila Steel Company Alexandria SAE,3340.0,1,1,1,,31.123467,29.80987
Al Ezz Flat Steel Company SAE,2880.0,1,1,1,,29.692045,32.322117
Al Qaryan Steel Co,350.0,1,1,1,,26.280741,49.956755
Alchevsk Metallurgical Plant PJSC,5472.0,1,1,1,,48.478111,38.770787
Alfa Acciai SpA,2000.0,1,1,1,,45.508698,10.248464
Algerian Qatari Steel,2100.0,1,1,1,,36.753961,6.24442
Algoma Steel Group Inc,1850.0,1,1,1,,46.518984,-84.374068
Alliance Steel (M) Sdn Bhd,3500.0,1,1,1,,4.007595,103.344458
Alton Steel Inc,0.0,1,1,1,,38.884465,-90.14579
Altos Hornos de Mexico SAB de CV,0.0,1,1,1,,26.876889,-101.416612
Amir Kabir Arak Steel Co,0.0,1,1,1,,34.083379,49.752451
Amreli Steels Ltd,600.0,1,1,1,,24.800326,67.504851
Amsteel Mills Sdn Bhd,750.0,2,1,1,,2.93834,101.5287635
Amurstal LLC,1150.0,1,1,1,,50.563131,136.976362
Andrade Valladares Engenharia e Construcao Ltda,0.0,1,1,1,,-4.887877,-47.392157
Angang Lianzhong Stainless Steel Corp,1900.0,1,1,1,2328775890523.6787,23.126822,113.505817
Angang Steel Co Ltd,30250.0,3,1,1,101296124180.56421,40.99523533333333,121.82794233333334
Anhui Changjiang Steel Co Ltd,3800.0,1,1,1,189221571196.00693,31.502272,118.465162
Anhui Guihang Special Steel Co Ltd,2700.0,1,1,1,40844703067.460754,30.531068,117.251147
Anhui Jin'an Stainless Steel Foundry Co Ltd,500.0,1,1,1,3672842030.7683444,31.763956,115.924372
Anhui Jingxian Longxin Iron and Steel Co Ltd,500.0,1,1,1,17379047760.864864,30.709058,118.436638
Anhui Langxi County Fuhang Steel Co Ltd,1000.0,1,1,1,38415562720.60706,31.246635,119.120443
Anhui Shoukuang Dachang Metal Material Co Ltd,3000.0,1,1,1,13012378609.377192,32.329171,115.954963
Ann Joo Integrated Steel Sdn Bhd,900.0,1,1,1,,5.380391,100.377598
Ann Joo Steel Bhd,820.0,1,1,1,,3.042585,101.537011
Anshan Baode Iron & Steel Co Ltd,1800.0,1,1,1,210015701176.18738,41.173613,122.945501
Anshan Iron and Steel Group Co Ltd,0.0,1,1,1,,-4.244263,122.371221
Antara Steel Mills Sdn Bhd,0.0,1,1,1,,5.253839,115.242717
Anyang Huixin Special Steel Co Ltd,0.0,1,1,1,127918562473.73918,36.152418,114.15839
Anyang Iron & Steel Co Ltd,0.0,1,1,1,154993315481.78342,36.122129,114.283145
Anyang Xinpu Steel Co Ltd,0.0,1,1,1,155509439119.41663,36.163203,114.296223
Anyuan Iron & Steel Co Ltd,2650.0,1,1,1,26859928044.05233,27.64555,113.902126
Aperam Inox America do Sul SA,900.0,1,1,1,,-19.531272,-42.639979
Aperam Stainless Belgium NV,2200.0,2,1,1,,50.6744855,5.0219685
Arab Steel Co,2600.0,1,1,1,,26.277917,49.949177
Arabian Gulf Steel Industries Selling Port LLC,600.0,1,1,1,,24.283335,54.463384
ArcelorMittal Atlantique et Lorraine SAS,6750.0,2,1,1,,50.186498,4.2180275
ArcelorMittal Brasil SA,8246.0,6,1,1,,-18.793761,-43.635383
ArcelorMittal Bremen GmbH,3960.0,1,1,1,,53.133305,8.688193
ArcelorMittal Dofasco GP,1350.0,1,1,1,,43.269255,-79.804858
ArcelorMittal Duisburg GmbH,0.0,1,1,1,,51.462987,6.744612
ArcelorMittal Eisenhüttenstadt GmbH,2400.0,1,1,1,,52.168649,14.623473
ArcelorMittal España SA,5400.0,2,1,1,,43.539916500000004,-5.802258
ArcelorMittal Hamburg GmbH,1100.0,1,1,1,,53.522601,9.900749
ArcelorMittal Kryvyi Rih PJSC,1083.0,1,1,1,,47.874411,33.392993
ArcelorMittal Long Products Canada GP,2400.0,1,1,1,,45.835148,-73.254957
ArcelorMittal Méditerranée SAS,2550.0,1,1,1,,43.43283,4.887166
ArcelorMittal México SA de CV,6500.0,1,1,1,,17.930688,-102.201498
ArcelorMittal Nippon Steel India Ltd,9600.0,5,1,1,14679516023.488317,19.9366314,81.6597356
ArcelorMittal Poland SA,5001.0,2,1,1,,50.213133,19.6906715
ArcelorMittal SA,8600.0,6,5,4,7118445911.73411,37.727837666666666,-2.211430166666664
ArcelorMittal SA; Société Nationale Industrielle et Minière SA,0.0,1,1,1,,19.513799,-10.553879
ArcelorMittal South Africa Ltd,3360.0,3,1,1,,-29.114087666666666,25.286533666666667
ArcelorMittal Tubarão Comercial SA,7500.0,1,1,1,,-20.253447,-40.242298
Arcelormittal Olaberria-Bergara SL,1450.0,1,1,1,,43.03829,-2.219625
Arcelormittal Sestao SL,2000.0,1,1,1,,43.313144,-2.998964
Arcelormittal Warszawa SP zoo,750.0,1,1,1,,52.291337,20.917302
Ardakan Steel Complex Co,0.0,1,1,1,,32.373942,53.759655
Arfa Iron and Steel Co,1000.0,1,1,1,,32.39309,53.7566
Arian Steel Co,240.0,1,1,1,,35.744901,50.222553
Arjas Steel Pvt Ltd,1005.0,1,1,1,2349689099.247747,14.873471,78.048425
Arvand Jahanara Steel Co,1200.0,1,1,1,,30.510886,48.241356
Arvand Kaveh Steel Co,0.0,1,1,1,,30.505458,48.272024
Asean Steel JSC,500.0,1,1,1,,12.59912,107.93922
Ashinskiy Metzavod PJSC,1000.0,1,1,1,,54.99484,57.277548
Asia United Steel,0.0,1,1,1,,43.600662,76.317112
Asil Celik Sanayi ve Ticaret AŞ,730.0,1,1,1,,40.42752,29.270141
Atibir Industries Co Ltd,0.0,1,1,1,49365304380.105705,24.145239,86.334999
Azerbaijan Integrated Steel Mill Complex,0.0,1,1,1,,40.721908,46.363526
Azerbaijan Metal Company LLC,0.0,1,1,1,,40.8217502,46.0170067
Azna Steel,0.0,1,1,1,,33.464353,49.391373
BERIS Jiangsu Heavy Industry Co Ltd,2000.0,1,1,1,595157528493.2195,32.104319,119.792126
BES Brandenburger Elektrostahlwerke GmbH,1800.0,1,1,1,,52.402617,12.496135
BMM Ispat Ltd,2208.0,1,1,1,7882306184.527622,15.16972,76.37971
BMZ-Upravlyayushchaya Kompaniya Kholdinga BMK JSC,3000.0,1,1,1,,52.849321,29.988985
BPA Metallics Pvt Ltd,0.0,1,1,1,8758336697.083927,21.926993,83.374089
BSRM Steels Ltd,770.0,1,1,1,,22.873774,91.545562
Badische Stahlwerke GmbH,2500.0,1,1,1,,48.595058,7.821633
Bafgh Mineral Complex Iron & Steel Co,1200.0,1,1,1,,31.699307,55.440187
Baicheng Fuda Bar Rolling Co Ltd,788.0,1,1,1,10999663034.44302,45.593303,122.895588
Baku Steel Company QSC,800.0,1,1,1,,40.43136,49.886867
Baldota Steel and Power Ltd,0.0,1,1,1,6129281055.262092,15.332616,76.206778
Bangkok Steel Industry PCL,600.0,1,1,1,,13.647672,100.553882
Bangladesh Steel Re-Rolling Mills Ltd,1150.0,1,1,1,,22.870631,91.545862
Baobab Steel Ltd,0.0,1,1,1,,-15.724345,33.762664
Baoshan Iron & Steel Co Ltd,19800.0,1,1,1,2692492306776.8086,31.41623,121.440087
Baosteel Desheng Stainless Steel Co Ltd,3220.0,1,1,1,26042658674.23849,26.48747,119.654461
Baosteel Group Xinjiang Bayi Iron & Steel Co Ltd,7300.0,1,1,1,361880986497.6777,43.852147,87.304639
Baosteel Special Metals Co Ltd,0.0,1,1,1,2736540205241.171,31.379422,121.484652
Baosteel Zhanjiang Iron & Steel Co Ltd,14328.0,1,1,1,45043420848.915,21.056035,110.48657
Baotou Baoxin Special Steel Co Ltd,0.0,1,1,1,158577491.19974533,41.362925,110.988771
Baotou DA AN IRON&STEEL Co Ltd,0.0,2,1,1,172378597490.8684,40.688731000000004,109.75999300000001
Baotou Deshun Spec. Steel Co Ltd,0.0,1,1,1,113520539124.16762,40.9019,110.336253
Baotou Jiyu Steel Co Ltd,0.0,1,1,1,172336884220.31696,40.662343,109.696243
Baowu Group Echeng Iron & Steel Co Ltd,4971.0,1,1,1,306722460405.3967,30.39574,114.861313
Bashundhara Multi Steel Industries Ltd,0.0,1,1,1,,22.719278,91.470382
Beijing Shougang Co Ltd,6300.0,1,1,1,138954186720.70343,39.976702,118.558788
Bengang Steel Plates Co Ltd,12400.0,1,1,1,105905416420.2977,41.274132,123.722099
Benteler Steel/Tube GmbH,650.0,1,1,1,,52.467622,7.317169
Benxi Beiying Iron & Steel (GROUP) Co Ltd,2600.0,1,1,1,161088955029.0114,41.224814,123.608374
Berhard Development Corporation (Private) Ltd,0.0,1,1,1,,-19.055102,29.782424
Bhagyalaxmi Metals Pvt Ltd,0.0,1,1,1,1988518197.7976384,20.088919,79.71792
Bhushan Power & Steel Ltd,0.0,1,1,1,6139043854.782175,22.665526,85.64622
Big River Steel LLC,6022.0,1,1,1,,35.644264,-89.941659
Blastr Green Steel AS,0.0,1,1,1,,60.0175,23.9126
BlueScope Steel Ltd,3200.0,2,2,2,,2.6759389999999996,24.805504999999997
Bonab Steel Complex,1000.0,1,1,1,,37.417437,46.035778
Briquetera del Orinoco CA,0.0,1,1,1,,8.274965,-62.819282
British Steel Ltd,0.0,2,1,1,,54.085131000000004,-0.874782
Butia Iranian Steel Co,1500.0,1,1,1,,30.4912,56.8214
CMC Poland SP zoo,1700.0,1,1,1,,50.487463,19.456759
CVG Ferrominera Orinoco CA,0.0,1,1,1,,8.33468,-62.728842
Cambodia Iron & Steel Mining Industry Group Co Ltd,0.0,1,1,1,,13.366642,105.118129
Cangzhou China Railway Equipment Manufacturing Materials Co Ltd,7500.0,1,1,1,13751660752.37654,38.289221,117.814367
Cangzhou Lingang Sanling Metal Co Ltd,1000.0,1,1,1,33384576831.26575,38.311738,117.457779
Captain Steel India Ltd,208.0,2,1,1,61506964518.38534,23.319004303795843,87.09046517280512
Cascade Steel Rolling Mills Inc,860.0,1,1,1,,45.228035,-123.163599
Celsa France SAS,1200.0,1,1,1,,43.529693,-1.500971
Celsa Huta Ostrowiec SP zoo,1220.0,1,1,1,,50.947305,21.448763
Century Steel Pte Ltd,0.0,1,1,1,,34.072714,72.141584
Ceylon Steel Co Ltd,0.0,1,1,1,,6.128077,81.075224
Chadormalu Mining & Industrial Co,1200.0,1,1,1,,32.387328,53.747706
Changli Xingguo Precision Machinery Co Ltd,0.0,1,1,1,64521148224.11561,39.704921,118.897417
Changshu Longteng Special Steel Co Ltd,3203.0,1,1,1,943790192308.3676,31.723833,120.835685
Changzhou Dongfang Special Steel Co Ltd,3300.0,1,1,1,514298732443.4122,31.602554,119.724256
Chart and Capstone Integrated Ltd,0.0,1,1,1,,7.69346,6.806937
Charter Manufacturing Co Inc,1205.0,2,1,1,,42.42184,-84.8040555
Chelyabinskiy Metallurgicheskiy Kombinat PJSC,5799.0,1,1,1,,55.27073,61.436492
Chelyabinskiy Truboprokatnyi Zavod JSC,950.0,1,1,1,,56.90205,59.992198
Chengde Jianlong SPECIAL Steel Co Ltd,4400.0,1,1,1,7243348596.132714,40.515035,117.596071
Chengde Shengfeng Iron & Steel Co Ltd,0.0,1,1,1,5229878713.764726,40.622466,118.490845
Chengde Street Ltd,8000.0,1,1,1,18847781998.26688,40.947707,117.719747
Chengde Zhaofeng Steel Group Co Ltd,0.0,1,1,1,4702780046.307758,40.593875,118.633334
Chengdu Changfeng Steel Group Co Ltd,1500.0,1,1,1,230977040657.49817,31.031921,103.672956
Chengyu Vanadium & Titanium Technology Co Ltd,4050.0,1,1,1,33101993302.919178,29.732143,104.504339
Chifeng Yuanlian Steel Co Ltd,2450.0,1,1,1,40307175135.176575,42.278115,119.015289
Chifeng Zhongtang Special Steel Co Ltd,2700.0,1,1,1,7498429949.600115,41.834064,119.281883
China Steel Corp,10000.0,1,1,1,,22.555442,120.349252
Chizhou Guichi Guihang Metal Products Co Ltd,1000.0,1,1,1,40844703067.460754,30.532786,117.25166
Chongli Steel Manufacturing Co Ltd,0.0,1,1,1,36771970617.06509,36.602468,113.755744
Chongqing Iron & Steel Co Ltd,8400.0,1,1,1,66908346212.95494,29.790253,107.040368
Chongqing Pengcheng Steel Co Ltd,520.0,1,1,1,377201250887.2683,29.259699,106.214031
Chongqing Yonghang Steel Group Co Ltd,700.0,1,1,1,117090028521.12021,29.836163,106.988138
Chongqing Yuxi Iron & Steel (Group) Co Ltd,260.0,1,1,1,72402307274.01082,29.488759,105.862658
Chongqing Zuhang Steel Co Ltd,0.0,1,1,1,40302504422.14738,29.440056,105.741929
Chow Steel Industries PCL,730.0,1,1,1,,14.074757,101.84215
Chubu Steel Plate Co Ltd,800.0,1,1,1,2357097520684.2573,35.118836,136.867567
Cleveland-Cliffs Inc,23655.0,12,2,1,,41.211778833333334,-82.50965675
Cognor Holding SA,500.0,1,1,1,,50.357438,18.610739
Columbus Stainless (Pty) Ltd,850.0,1,1,1,,-25.796313,29.497972
Commercial Metals Co,5076.0,8,1,1,,34.5814187875,-86.947823
Companhia Siderurgica do Cuchi SA,0.0,1,1,1,,-14.650166,16.925606
Companhia Siderúrgica Nacional SA,6251.0,1,1,1,,-22.512631,-44.11287
Compania Espanola de Laminacion SL,2500.0,1,1,1,,41.454855,1.980107
Compania Siderurgica Huachipato SA,0.0,1,1,1,,-36.746421,-73.129171
Complejo Siderurgico de Guayana CA,0.0,1,1,1,,8.297662,-62.780149
Corporacion Aceros Arequipa SA,1250.0,1,1,1,,-13.788622,-76.168173
Corporacion Venezolana de Guayana,0.0,1,1,1,,8.290142,-62.805419
Corporación AG SA,500.0,1,1,1,,14.232007,-90.815444
Corrugados Getafe SL,0.0,1,1,1,,40.310803,-3.703568
Crest Steel and Power Pvt Ltd,96.0,1,1,1,30143371786.553913,21.190313,81.19922
Cristian Lay SL,0.0,1,1,1,,43.179125,-2.255939
DELONG Steel Ltd,3000.0,1,1,1,113132579451.10545,37.086116,114.384832
DST Nghi Son Iron and Steel JSC,0.0,1,1,1,,19.367379,105.675841
Daehan Steel Co Ltd,1000.0,1,1,1,,35.099098,128.860339
Daido Steel Co Ltd,1500.0,1,1,1,2327029881355.0083,35.016404,136.864744
Dalmine SpA,700.0,1,1,1,,45.641516,9.600242
Danyang Longjiang Steel Co Ltd,1500.0,1,1,1,479799462968.5741,32.027791,119.57706
Dar Al Arkan Real Estate Development Company SJSC,0.0,1,1,1,,21.524005,39.240633
Daric Investment Holding Co,0.0,4,1,1,,37.86893375,46.46809225
Daye Huaxin Industrial Co Ltd,0.0,1,1,1,89934417378.5388,30.070219,114.926251
Daye SPECIAL Steel Co Ltd,3420.0,1,1,1,93634166914.67557,30.204603,115.125838
Dazhou Hangda Steel Co Ltd,1000.0,1,1,1,20381649829.361385,31.435149,107.685981
DeAcero SAPI de CV,4500.0,2,1,1,,23.014859,-100.943702
Delta Steel Mills Co,500.0,1,1,1,,30.11843,31.281264
Deutsche Edelstahlwerke GmbH,600.0,1,1,1,,50.922844,8.024006
Devki Group,0.0,1,1,1,,0.681522,34.178037
Devki Steel Mills Ltd,1000.0,1,1,1,,-3.788806,39.316741
Dexin Steel Pte Ltd,7000.0,1,1,1,,-2.829514,122.174896
Diler Demir Celik Endustri ve Ticaret AŞ,1300.0,1,1,1,,40.783161,29.533568
Dinson Iron & Steel Company Pvt Ltd,600.0,1,1,1,,-18.940658,30.608968
Dnipro Metallurgical Plant PJSC,0.0,1,1,1,,48.48079,34.978097
Dniprospetsstal Plant PJSC,1000.0,1,1,1,,47.8599249,35.1613272
Donalam SRL,0.0,1,1,1,,44.904569,25.458124
Donelektrostal LLC,0.0,1,1,1,,47.740352,40.18942
Dongbei Special Steel Group Dalian Special Steel Co Ltd,2695.0,1,1,1,110293807549.42218,39.193697,122.057788
Dongkuk Steel Mill Co Ltd,3600.0,2,1,1,,36.7439675,128.01810799999998
Dongyuan Dongnan Industrial Co Ltd,720.0,1,1,1,24861513268.424088,24.038397,114.873435
Dragon Steel Corp,6081.0,1,1,1,,24.226897,120.493911
Duferco Travi e Profilati SpA,950.0,1,1,1,,45.478363,10.209234
E-Top Metal Co Ltd,600.0,1,1,1,,24.167872,120.505482
ESF Elbe-Stahlwerke Feralpi GmbH,1400.0,1,1,1,,51.3128,13.280386
ESL Steel Ltd,1500.0,1,1,1,67852373916.12887,23.632907,86.293671
ETRHB Industrie SpA,0.0,1,1,1,,36.834412,7.45494
Eastern Steel Sdn Bhd,2700.0,1,1,1,,4.285062,103.432551
Ecolant LLC,0.0,1,1,1,,55.286989,42.169516
Eden Flame Sdn Bhd,1050.0,1,1,1,,1.451512,103.917306
Ege Celik Endustrisi Sanayi ve Ticaret AŞ,1200.0,1,1,1,,38.728005,26.940095
Egyptian American Steel Rolling Company SAE,1200.0,1,1,1,,30.389174,30.571894
Egyptian Iron & Steel Co,0.0,1,1,1,,29.774458,31.312013
Egyptian Sponge Iron & Steel Company SAE,3000.0,1,1,1,,30.393079,30.58773
Egyptian Steel Group,1660.0,2,1,1,,29.40006,31.764005
Ekinciler Demir ve Celik Sanayi AŞ,1250.0,1,1,1,,36.690115,36.205739
Ekos Steel Mill PLC,0.0,1,1,1,,8.781155,38.932065
Electrasteel Inc,0.0,1,1,1,,40.06301,-105.221982
Electrosteel Castings Ltd,0.0,1,1,1,8040276716.979144,13.717188,79.630588
Empresa Siderurgica del Peru SAA,750.0,1,1,1,,-9.059693,-78.601178
Empresa Siderúrgica del Mutún SA,200.0,1,1,1,,-19.137325,-57.880605
Emsteel Building Materials PJSC,3500.0,1,1,1,,24.322033,54.467987
Eqlid Pars Steel Co,0.0,1,1,1,,30.944867,52.892849
Equest Steel Pty Ltd,0.0,1,1,1,,-27.42083,153.127715
Eregli Demir ve Celik Fabrikalari AŞ,3801.0,1,1,1,,41.261469,31.420106
Esfahan Steel Co,3600.0,1,1,1,,32.418304,51.331314
Essar Global Fund Ltd,0.0,1,1,1,,27.544749,49.208103
Esteel Enterprise Sabah Sdn Bhd,0.0,1,1,1,,6.104211,116.202218
Eurasian Resources Group SARL; China Baowu Steel Group Co Ltd,0.0,1,1,1,,52.9775332,63.1825737
Evonith Metallics Ltd,1080.0,2,1,1,3248185027.352687,20.700508499999998,78.62942050000001
Evraz NTMK JSC,4400.0,1,1,1,,57.922851,60.033543
Evraz ZSMK JSC,7619.0,1,1,1,,53.88618,87.257618
Ezhou Hongtai Steel Co Ltd,0.0,1,1,1,726604271945.3484,30.532352,114.747597
Ezz Steel Co,900.0,1,1,1,,30.382179,30.563029
F&F Steel,600.0,1,1,1,,36.113741,43.979714
Faizan Steel,365.0,1,1,1,,24.897652,66.985678
Fangchenggang Jinxi Steel Technology Co Ltd,0.0,1,1,1,13057103208.650103,21.646525,108.369582
Fangda Special Steel Technology Co Ltd,2800.0,1,1,1,298976871181.5577,28.645441,115.99204
Fasa Steel Complex Co,0.0,1,1,1,,28.977453,53.867836
Feng Hsin Steel Co Ltd,1800.0,1,1,1,,24.31287,120.712774
Fengshun Changsheng Precision Steel Casting Co Ltd,620.0,1,1,1,689650406949.0117,23.507015,112.953822
Fengshun County Agricultural Machinery Continuous Casting Co,720.0,1,1,1,185724025736.5404,23.748318,116.13985
Fengshun County Dongfang Metal Casting Co Ltd,930.0,1,1,1,185724025736.5404,23.749104,116.138262
Fengshun County Hongbao Industrial Co Ltd,720.0,1,1,1,109635194345.66838,23.720136,115.949449
Fengshun Yongshun Continuous Casting Plant,720.0,1,1,1,174623791837.72952,23.747173,116.126241
Feralpi Siderurgica SpA,1216.0,1,1,1,,45.460582,10.456748
Ferriera Valsabbia SpA,1000.0,1,1,1,,45.642905,10.380199
Ferriere Nord SpA,2200.0,1,1,1,,46.232199,13.079104
Fogang Dawei Special Steel Co Ltd,575.0,1,1,1,38091034921.25903,23.893972,113.500829
Formosa Ha Tinh Steel Corp,7500.0,1,1,1,,18.036333,106.428271
"Fugang METAL Manufacturing Co.ltd.,jilinjigang Steel Group",0.0,1,1,1,372832686908.1275,44.022802,125.505627
Fuhai Group New Energy Holding Co Ltd,0.0,1,1,1,,-1.556636,103.679366
Fujian Dingsheng Steel Co Ltd,1726.0,1,1,1,63582759550.28588,27.224477,120.328828
Fujian Dingxin Industry Co Ltd,600.0,1,1,1,13086748509.650484,26.7695,119.738519
Fujian Fuxin Special Steel Co Ltd,720.0,1,1,1,295552753546.09393,24.472439,117.94885
Fujian Great Dong Hai Industrial Group Co Ltd,5128.0,1,1,1,101362036478.68416,25.737777,119.592239
Fujian Hengwang Investment Co Ltd,0.0,2,1,1,,42.91958135,71.67270725
Fujian Hongfeng Industrial Group Co Ltd,1000.0,1,1,1,2685683751.0136914,26.868423,117.776369
Fujian Longgang New Materials Co Ltd,1210.0,1,1,1,15934914909.597748,25.357408,117.362096
Fujian Luoyuan Minguang Iron & Steel Co Ltd,2650.0,1,1,1,26038092651.272423,26.483815,119.67105
Fujian Qingtuo New Material Co Ltd,958.0,1,1,1,13257477701.665466,26.779301,119.767935
Fujian San'an Iron & Steel Co Ltd,2300.0,1,1,1,41726696314.58181,25.244396,118.029905
Fujian Sanbao Steel Co Ltd,6196.0,1,1,1,115508727979.29546,24.635769,117.603677
Fujian Tsingtuo Nickel Industry Co Ltd,3000.0,1,1,1,13144509107.059135,26.768925,119.765203
Fujian Wuhang Stainless Steel Products Co Ltd,2000.0,1,1,1,170857709880.66248,25.95923,119.452018
Fujian Yixin Steel & Iron Co Ltd,0.0,1,1,1,26055965029.36233,26.491308,119.63624
Fulun Iron & Steel Co Ltd,2700.0,1,1,1,114060688971.64105,36.308447,117.540425
Fushun HANWANG Direct Reduced Iron Co Ltd,0.0,1,1,1,692568383513.6499,41.670998,123.85143
Fushun New Steel Corp Ltd,2700.0,1,1,1,691419316982.7649,41.841223,123.753895
Fushun Special Steel Co Ltd,999.0,1,1,1,689322982665.9587,41.838774,123.806586
Fuzhou Wuhang Steel Products Co Ltd,2000.0,1,1,1,167653653064.64444,25.995101,119.495725
G J Steel PCL,1500.0,1,1,1,,13.054668,101.078842
G Steel PCL,1800.0,1,1,1,,12.793786,101.244592
GFG Alliance Ltd,0.0,1,1,1,,-33.009381,137.587836
GLGH Steel LLC,500.0,1,1,1,,45.293492,21.90241
GPH Ispat Ltd,1051.0,1,1,1,,22.536569,91.700729
GV do Brasil Industria e Comercio de Aço Ltda,1100.0,2,1,1,,-21.632410999999998,-42.887049000000005
Gallantt Ispat Ltd,528.0,1,1,1,55576355785.79361,26.757009,83.199086
Gansu Jiu Steel Group Hongxing Iron and Steel Co Ltd,7650.0,1,1,1,18345157651.98639,39.812121,98.295555
Gaolan County Lanxin Steel Co Ltd,1100.0,1,1,1,100210147450.03174,36.488866,103.922
Georgsmarienhuette GmbH,650.0,1,1,1,,52.2122334,8.0420724
Gerdau Acominas SA,3600.0,1,1,1,,-20.543507,-43.75295
Gerdau Acos Longos SA,2486.0,4,1,1,,-23.014758,-46.28457325
Gerdau Ameristeel Corp,6293.0,8,2,1,,38.195105875,-87.21793325
Gerdau Corsa SAPI de CV,1500.0,2,1,1,,19.6918405,-98.88839899999999
Gerdau SA,530.0,1,1,1,,-22.89918,-45.347726
Ghaenat Steel Complex,800.0,1,1,1,,33.926909,59.007852
Global Steel Wire SA,750.0,1,1,1,,43.445344,-3.839228
Godawari Power and Ispat Ltd,659.0,2,1,1,45604024818.60625,21.470623,81.7106675
Godo Steel Ltd,1700.0,3,1,1,4978301795546.785,35.057881,136.68735066666667
Gohar Zamin Mining and Industrial Company,0.0,1,1,1,,29.953217,56.699701
Golgohar Iron and Steel Development Co,3300.0,1,1,1,,29.134614,55.360773
Gostar Almas Steel Co,0.0,1,1,1,,36.215731,46.499322
Government of North Korea,10252.0,4,1,1,,40.300073,127.68613049999999
Government of Tunisia,200.0,1,1,1,,37.13763,9.81281
GravitHy,0.0,2,2,1,,52.855224,13.115966
Green Iron Magnetite Project,0.0,1,1,1,,-34.595209,135.84922
Green Steel of WA Pty Ltd,0.0,2,1,1,,-31.054427999999998,115.5199465
Greensteel Australia Pty Ltd,0.0,1,1,1,,-34.4637185,150.8865407
Groupe Industriel Sider SpA,0.0,1,1,1,,36.795924,7.707633
Grupo Acerero SA de CV,1375.0,1,1,1,,22.087328,-100.901902
GuangDong Xinxing Ductile Iron Pipes Co Ltd,0.0,1,1,1,18287514935.09894,22.09914,111.665479
"Guangde Xinyuanda Metal Products Co., Ltd. Co Ltd",500.0,1,1,1,83715068782.64464,31.0494162,119.5296269
Guangdong Daxing Iron & Steel Industrial Co Ltd,720.0,1,1,1,577955812174.6229,23.529158,116.329247
Guangdong Fogang Jincheng Metal Products Co Ltd,500.0,1,1,1,104746357578.09418,23.741965,113.502168
Guangdong Guangqing METAL Technology Co Ltd,2040.0,1,1,1,18092619931.191082,21.697069,111.848841
Guangdong Guangqing Metal Technology Co Ltd,1100.0,1,1,1,594259650734.9299,31.980237,120.571455
Guangdong Guixin Steel Co Ltd,630.0,1,1,1,996060755241.3506,23.517109,113.106865
Guangdong Guoxin Industrial Co Ltd,2500.0,1,1,1,582448944819.6637,23.407415,116.570818
Guangdong Hongde Steel Group Co Ltd,860.0,1,1,1,31793771860.51081,24.672351,113.535574
Guangdong Jingye Iron and Steel Co Ltd,2000.0,1,1,1,583637230738.2711,23.454666,116.498483
Guangdong Jinshenglan Metallurgical Technology Co Ltd,3600.0,1,1,1,60803563955.78658,22.888729,112.263081
Guangdong Nanfang Donghai Iron and Steel Co Ltd,2400.0,1,1,1,60211318656.04337,22.907614,112.224952
Guangdong Shengye Steel Co Ltd,920.0,1,1,1,24624244874.55013,24.008564,114.797328
Guangdong Shiji Qingshan Nickel Industry Co Ltd,900.0,1,1,1,17775768414.022697,21.687053,111.848893
Guangdong Taidu Iron & Steel Co Ltd,1020.0,1,1,1,689650406949.0117,23.504558,112.962693
Guangdong Taiye Hongda Steel Co Ltd,920.0,1,1,1,518040246609.26575,23.54332928798603,112.99082407443541
Guangdong Yuebei United Steel Co Ltd,2055.0,1,1,1,8696937071.580666,24.262452,113.728198
Guangdong Yuedong Steel Co Ltd,720.0,1,1,1,27017136890.886192,23.711585,114.689761
Guangdong Yuehua Iron & Steel Group Co Ltd,520.0,1,1,1,8810397766.05655,24.275783,113.388896
Guangdong Yueshao Iron & Steel Co Ltd,500.0,1,1,1,32115161740.937645,24.688355,113.657408
Guangdong Zhanhong Steel Plant,500.0,1,1,1,54074859666.96669,23.037858,114.970593
Guangshui Huaxin Smelt Industry Co Ltd,869.0,1,1,1,7307352272.830032,31.50221,114.008142
Guangxi BG New Materials Co Ltd,3400.0,1,1,1,31590588682.136852,21.519924,109.506427
Guangxi Chiji Iron and Steel Co Ltd,4800.0,1,1,1,20559732482.81378,23.402121,111.134606
Guangxi Deyuan Metallurgy Co Ltd,0.0,2,1,1,15508260742.890629,22.785653,109.11917
Guangxi Guigang Iron and Steel Group Co Ltd,1400.0,1,1,1,18365541991.176605,23.088182,109.634638
Guangxi Guigang Iron and Steel Group Guigang Guibao SPECIAL Steel Co Ltd,1200.0,1,1,1,18019027177.925503,23.089502,109.63938
Guangxi Guixin Steel Group Co Ltd,6050.0,1,1,1,4917065856.955622,23.978962,111.735523
Guangxi Hezhou Kexinda Metal Products Co Ltd,1150.0,1,1,1,4928627017.033124,23.979937,111.745037
Guangxi Iron and Steel Group Co Ltd,8400.0,1,1,1,11674689080.685747,21.580723,108.400896
Guangxi Liugang Zhongjin Stainless Steel Co Ltd,0.0,1,1,1,9528213457.25059,21.67261,109.741866
Guangxi Longzhou Zhongheng Wanhua Industrial Co Ltd,1725.0,2,1,1,2572884828.8860474,23.1567485,109.43017850000001
Guangxi Shenglong Metallurgical Co Ltd,9783.0,1,1,1,14121027870.936752,21.687637,108.412344
Guangxi Wuzhou Jinhai Stainless Steel Co Ltd,1500.0,1,1,1,20412395323.525173,23.518229,111.235509
Guilin Pinggang Iron and Steel Co Ltd,1200.0,1,1,1,3515808103.975182,24.673567,110.78959
Guizhou Ganglian Industrial Group Co Ltd,1325.0,1,1,1,45219639605.75884,27.615147,106.949926
Guizhou Hexing Metal Products Co Ltd,500.0,1,1,1,14026477096.41879,26.509525,107.570458
Guizhou United Steel (Group) Co Ltd,1990.0,1,1,1,47452877237.39896,27.591691,106.814024
Gulf Tubing Co,0.0,1,1,1,,27.502041,49.189647
HBIS Group Serbia Iron & Steel Beograd doo,2199.0,1,1,1,,44.606332,20.970066
HBIS Laoting Steel Co Ltd,7450.0,1,1,1,14069637061.114597,39.257823,119.033567
HES Hennigsdorfer Elektrostahlwerke GmbH,1000.0,1,1,1,,52.650903,13.212683
Habas Industrial and Medical Gases Production Industries AŞ,4500.0,1,1,1,,38.751462,26.950172
Hadeed Metal Manufacturing Co,800.0,1,1,1,,33.626258,36.574968
Hai Kwang Enterprise Corp,600.0,1,1,1,,22.550634,120.365645
Haicheng Hengsheng Casting Co Ltd,760.0,1,1,1,206242523147.69278,41.057478,122.8328
Halyvourgiki SA,0.0,1,1,1,,38.043873,23.508083
Handan Iron and Steel Group Co Ltd,0.0,1,1,1,218590949357.5953,36.601308,114.439889
Hanshan Iron and Steel Co Ltd,4488.0,1,1,1,41735156180.61442,36.685881,113.837073
Hbzx HIGH Tech Co Ltd,1800.0,1,1,1,57338704830.849655,40.607977,115.067516
Hebei Anfeng Iron & Steel Co Ltd,7100.0,1,1,1,63186987906.94399,39.65849,118.894804
Hebei Baoxin Iron and Steel Group Co Ltd,0.0,1,1,1,170332444606.03406,36.555205,114.108273
Hebei Bishi Industry Group Co Ltd,0.0,1,1,1,,-6.896426,110.220286
Hebei Donghai SPECIAL Steel Group Co Ltd,10001.0,1,1,1,204148015366.28906,39.610605,118.474722
Hebei Guanfeng Metallurgical Industry Co Ltd,0.0,1,1,1,188279097079.84662,36.73422,114.111085
Hebei Huaxi Special Steel Co Ltd,1824.0,1,1,1,14648275399.768066,39.260784,119.005925
Hebei Huaxin Special Steel Co Ltd,1350.0,1,1,1,226338846200.95425,36.53048,114.245262
Hebei Jingdong Pipe Industry Co Ltd,0.0,1,1,1,58267189145.948364,39.932656,118.836844
Hebei Jinxi Iron & Steel Group Co Ltd,5000.0,1,1,1,43499881101.07147,40.209844,118.220547
Hebei New Wuan Iron and Steel Group Xin Hui Metallurgy Co Ltd,1575.0,1,1,1,165400174991.58643,36.664097,114.115263
Hebei New Wuan Lron and Steel Group Hong Rong Lron and Steel Co Ltd,1350.0,1,1,1,115514440184.77707,36.640411,113.981172
Hebei New Wuan Steel Group Wenan IRON&STEEL Co Ltd,0.0,2,1,1,151986897156.732,36.655461,114.06882949999999
Hebei PROVINCE Longfengshan Casting Industry Co Ltd,0.0,1,1,1,189282802008.3607,36.705105,114.105387
Hebei Puyang Iron and Steel Co Ltd,5567.0,1,1,1,88905961808.20065,36.733675,113.925995
Hebei Rongxin Iron & Steel Co Ltd,2300.0,1,1,1,185382304519.087,39.880661,118.558755
Hebei Taihang Iron and Steel Group Co Ltd,3950.0,1,1,1,160749878225.58725,36.613716,114.082349
Hebei Tangyin IRON&STEEL Co Ltd,2300.0,2,1,1,118224397623.30542,39.4298775,118.321497
Hebei Tianzhu IRON&STEEL (GROUP) Co Ltd,0.0,1,1,1,205662243350.9365,39.803524,118.205663
Hebei Tianzhu Iron and Steel Group Special Steel Co Ltd,3034.0,1,1,1,16055344208.807579,39.270032,119.01376
Hebei Wenfeng STEEL&IRON Co Ltd,0.0,1,1,1,168302488557.8515,36.64577,114.124258
Hebei Xinda Iron and Steel Co Ltd,5000.0,1,1,1,179466967911.97195,39.898362,118.579364
Hebei Xinfeng High-pressure Flange and Pipe Fitting Co Ltd,0.0,1,1,1,,29.707611,32.28672
Hebei Xinghua Iron and Steel Co Ltd,0.0,1,1,1,187803543578.32645,36.744936,114.111602
Hebei Xinjin Iron and Steel Co Ltd,2700.0,1,1,1,208899561340.64273,36.715632,114.208992
Hebei Xinwuan Iron and Steel Group Co Ltd,0.0,1,1,1,,3.586453,113.359851
Hebei Xinxing Ductile Iron Pipes Co Ltd,2500.0,1,1,1,167093741671.57178,36.621504,114.128189
Hebei Yanshan Iron and Steel Group Co Ltd,9990.0,1,1,1,94003251535.55492,39.925508,118.672757
Hebei YongYang Special Steel Group Co Ltd,1610.0,1,1,1,231127348101.5271,36.786851,114.376132
Hebei Zongheng Group Fengnan Iron & Steel Co Ltd,7700.0,1,1,1,273957223668.95923,39.222566,118.094201
Heilongjiang Jianlong Iron and Steel Co Ltd,2001.0,1,1,1,6651539956.068401,46.602297,131.071877
Hejin Huaxinyuan Steel & Iron Co Ltd,1150.0,1,1,1,19695570640.10215,35.605506,110.652056
Hellenic Halyvourgia SA,1000.0,1,1,1,,39.38588,22.80745
Henan Angang Zhoukou Iron and Steel Co Ltd,1750.0,1,1,1,42940994119.0539,33.364534,115.099661
Henan Changtai Stainless Steel Plate Co Ltd,0.0,1,1,1,176057082397.7937,34.702951,112.955911
Henan Fengbao SPECIAL Steel Co Ltd,0.0,1,1,1,102764827087.29698,36.131666,113.872158
Henan Fuhua Iron & Steel Group Co Ltd,1200.0,1,1,1,671782005388.0455,34.462949,113.700844
Henan Jiyuan Iron & Steel (Group) Co Ltd,3428.0,1,1,1,108567124624.6772,35.086396,112.553774
Henan Xinjinhui Stainless Steel Industry Co Ltd,1400.0,1,1,1,168522835872.76932,34.263509,113.853979
Henan YAXIN Steel Industry Co Ltd,1000.0,1,1,1,125385157536.0824,35.879956,114.334825
Hengyang Valin Steel Tube Co Ltd,1300.0,1,1,1,52631189059.04941,26.865484,112.576853
Heping Yueshen Steel Industrial Co Ltd,1400.0,1,1,1,5593914441.559017,24.49796,114.93888
Heyuan Derun Steel Co Ltd,1650.0,2,1,1,32117849697.50186,23.5457045,114.820847
Heyuan Huacheng Metal Products Co Ltd,620.0,1,1,1,39202857256.919846,23.56658,114.598993
Hezhou Xindu Sanyuan Casting Co Ltd,780.0,1,1,1,4920258620.047069,23.987007,111.739775
Hezhou Zhaoxin Hardware Products Co Ltd,750.0,1,1,1,4917065856.955622,23.978567,111.735529
Hmisho Steel SA,800.0,1,1,1,,34.364258,36.803848
Hoa Phat Dung Quat Steel JSC,14499.0,1,1,1,,15.37768,108.793321
Hoa Phat Hai Duong Steel JSC,2525.0,1,1,1,,21.01536,106.536023
Hoa Sen Group,1300.0,1,1,1,,10.595295,107.044846
Honghe Iron and Steel Co Ltd,0.0,1,1,1,17481896153.666866,23.470733,103.272784
Hospet Steels Ltd,650.0,1,1,1,6494280553.741234,15.339055,76.251696
Houying Group Haicheng Iron and Steel Co Ltd,0.0,1,1,1,204280659469.35934,40.981855,122.948643
Huahong Iron and Steel Products Co Ltd,1200.0,1,1,1,5534623301.555684,28.090098,119.519509
Huainan Hongtai Steel Limited Liability Co,500.0,1,1,1,91330913466.36772,32.619248,116.905869
Huangshi Xingang Heavy Industry Technology Co Ltd,0.0,1,1,1,64413221791.8982,30.097108,115.284652
Huangshi Xinxing Pipe Industry Co Ltd,0.0,1,1,1,96475265193.3459,30.181393,114.944879
Huarui (Handan) Casting & Pipe Co Ltd,0.0,1,1,1,170053205873.57678,36.561049,114.102793
Hubei Dazhan Steel & Iron Co Ltd,0.0,1,1,1,40759271145.18103,31.006752,113.754995
Hubei Jinshenglan Metallurgical Technology Co Ltd,3250.0,1,1,1,15273223883.283081,29.916729,113.822921
Hubei Lijin Steel Group Co Ltd,2000.0,1,1,1,24127542428.199814,32.127263,112.715688
Hubei Shunle Iron and Steel Co Ltd,2000.0,1,1,1,15500575351.26793,29.925026,113.826118
Hubei Wucheng Iron and Steel Group Co Ltd,0.0,1,1,1,218053706578.46277,30.341239,114.857744
Huizhou Jushun Iron and Steel Plant,620.0,1,1,1,581102754330.4387,23.178652,114.279374
Hunan Valin Lianyuan Iron and Steel Co Ltd,16250.0,2,1,1,226421252415.4181,27.780956,112.43236
Hwanyoung Steel Industries Co Ltd,800.0,1,1,1,,36.956486,126.616956
Hybar LLC,544.0,1,1,1,,35.686814,-89.961981
Hybrit Development AB,0.0,1,1,1,,67.189096,20.720752
Hydnum Steel SL,0.0,1,1,1,,38.688849,-4.107015
Hyron Africa,0.0,1,1,1,,-22.084183,17.4099154
Hyundai Steel Co,24297.0,4,2,2,,35.25001025,118.56025525
Hüttenwerke Krupp Mannesmann GmbH,0.0,1,1,1,,51.371279,6.72331
Industrie Riunite Odolesi IRO SpA,600.0,1,1,1,,45.645688,10.374305
Infrabuild Australia Pty Ltd,1530.0,2,1,1,,-35.798694499999996,147.818994
Inner Mongolia (Naiman) Jingan Non-ferrous Metal Materials Co Ltd,0.0,1,1,1,32610294666.29648,43.696186,122.219433
Inner Mongolia BaoTou Steel Union Co Ltd,16760.0,1,1,1,172548163179.83905,40.647997,109.740898
Inner Mongolia Desheng Metal Products Co Ltd,1350.0,1,1,1,10635795445.055777,39.867015,106.890377
Inner Mongolia Mingtuo Ferrite New Material Co Ltd,0.0,1,1,1,172491417398.7581,40.597557,109.683202
Inner Mongolia Wanzhou Special Steel Co Ltd,0.0,1,1,1,166563793208.9674,40.977329,110.022924
Inner Mongolia Yaxinlongshun Special Steel Co Ltd,2000.0,1,1,1,173888486435.46762,40.689778,110.214707
Interpipe Ltd,1320.0,1,1,1,,48.498914,35.096336
Iran Alloy Steel Co,1300.0,1,1,1,,31.940106,54.037614
Iranian Alborz Steel Co,0.0,1,1,1,,36.614049,53.234213
Iranian Ghadir Iron & Steel Co,0.0,1,1,1,,32.3912,53.7496
Iranian Sirjan Steel Co,1000.0,1,1,1,,29.928062,56.736539
Iskenderun Demir ve Celik AŞ,5800.0,1,1,1,,36.735672,36.204581
Iton Seine SAS,550.0,1,1,1,,49.033678,1.561022
Ittehad Steels Pvt Ltd,500.0,1,1,1,,31.643426,73.198542
Ivaco Rolling Mills LP,650.0,1,1,1,,45.613941,-74.704608
Izmir Demir Celik Sanayi AŞ,3100.0,1,1,1,,38.739596,26.929091
Içdaş Çelik Enerji Tersane Ve Ulaşim Sanayi AŞ,5000.0,1,1,1,,40.441491,27.137563
JFE Bars & Shapes Corp,1620.0,3,1,1,244037346812.76425,35.056672999999996,136.36677866666665
JFE Steel Corp,20769.0,5,1,1,3652170210652.552,35.6587466,137.6000342
JO Steel Holdings PLC,0.0,1,1,1,,27.491064,49.258418
JSW Bengal Steel Ltd,0.0,1,1,1,22867811417.327194,22.575726,87.310258
JSW Green Steel Ltd,0.0,1,1,1,7026475591.708821,18.530853,72.947091
JSW Ispat Special Products Ltd,950.0,1,1,1,10563384113.836348,21.983709,83.238133
JSW Jharkhand Steel Ltd,0.0,1,1,1,23446519340.916725,23.188108,85.715097
JSW Rayalaseema Steel Limited,0.0,1,1,1,3699473968.9320436,14.76855,78.403263
JSW Steel Italy Piombino SpA,0.0,1,1,1,,42.93652,10.537794
JSW Steel Ltd,28359.0,5,1,1,22791457118.906868,17.52686306,78.32715882
JSW Steel Ltd; POSCO Holdings Inc,0.0,1,1,1,52152013428.16887,20.248632,86.156416
JSW Steel USA Ohio Inc,1500.0,1,1,1,,40.314891,-80.605553
JSW Utkal Steel Ltd,0.0,1,1,1,6876861355.910729,20.216667,86.55
JSW Vijayanagar Metallics Ltd,5000.0,1,1,1,9966119331.866566,15.203176,76.659122
Jai Balaji Industries Ltd,295.0,2,1,1,60188657284.48079,23.485256999999997,87.36084149999999
Jai Balaji Jyoti Steels Ltd,92.0,1,1,1,10791925694.114943,22.085338,84.86184
Jayaswal Neco Industries Ltd,1200.0,1,1,1,50473566906.84862,21.354495,81.676444
JiLin Province Xinda Steel Co Ltd,0.0,1,1,1,6035383531.075078,42.3249,125.246892
Jianglong Acheng Iron & Steel Co Ltd,1600.0,1,1,1,433262728884.3327,45.562002,126.968128
Jiangsu Changqiang Iron & Steel Co Ltd,2000.0,1,1,1,869434788637.9381,31.952064,120.189749
Jiangsu Delong Nickel Industry Co Ltd,1350.0,1,1,1,13262278133.303556,34.443469,119.816574
Jiangsu HONGTAI Metals Ware Co Ltd,1576.0,1,1,1,406755252591.32434,32.138393,119.554693
Jiangsu Jingye Iron and Steel Co Ltd,3000.0,1,1,1,17996018934.013416,34.38381,119.786878
Jiangsu Longyuan Steel Co Ltd,0.0,1,1,1,200300142640.241,34.538033,117.329589
Jiangsu Province Binxin Steel Group Co Ltd,5400.0,1,1,1,58862806457.56507,35.09556,119.279989
Jiangsu Shagang Group Huaigang SPECIAL Steel Co Ltd,3364.0,1,1,1,116194403770.98167,33.566039,118.988442
Jiangsu Shagang Iron & Steel Co Ltd,16605.0,1,1,1,529051380107.0347,31.983146,120.638992
Jiangsu Shente Steel Corp,0.0,1,1,1,149850825886.9499,31.471123,119.485941
Jiangsu Suxin Special Steel Co Ltd,0.0,1,1,1,1203080421719.338,31.400644,120.475103
Jiangsu Xingda Steel Group Co Ltd,0.0,1,1,1,199923762019.09317,34.501981,117.316278
Jiangsu Xusteel Group Co Ltd,3050.0,1,1,1,203762624287.38776,34.577016,117.339638
Jiangxi Taixin Iron & Steel Co Ltd,1000.0,1,1,1,28075320400.865673,28.60445,118.163615
Jiangxi Yuanxing Iron and Steel Co Ltd,0.0,1,1,1,3890877667.8320055,24.881098,114.802833
Jiangyin Huaxi Steel Co Ltd,1500.0,1,1,1,1024135366078.9897,31.816482,120.424347
Jiangyin Xicheng Steel Co Ltd,720.0,1,1,1,899493452254.8955,31.892299,120.198394
Jiangyin Xingcheng SPECIAL Steel Works Co Ltd,5900.0,1,1,1,861258391348.5183,31.950191,120.328449
Jianlong Beiman SPECIAL Steel Co Ltd,2570.0,1,1,1,60191945180.633514,47.191285,123.616512
Jianlong Xilin Iron and Steel Co Ltd,4200.0,1,1,1,853263562.5257634,47.495036,129.287919
Jilin Jianlong Steel Co Ltd,2700.0,1,1,1,126042241262.18954,44.011951,126.537086
Jilin Jingang Lron and Steel Co Ltd,1500.0,1,1,1,26086020433.09009,43.20023,124.335697
Jilin Steel Group Taihua Metal Equipment Manufacture Co Ltd,0.0,1,1,1,31395426520.878036,44.138826,125.914941
Jilinheng Precision Casting Technology Co Ltd,1100.0,1,1,1,4389412705.524285,43.196537,126.00063
Jinan Iron & Steel Group Co Ltd,5200.0,1,1,1,189064228850.86957,36.718952,114.111677
Jincheng FUSHENG Iron & Steel Co Ltd,4600.0,1,1,1,38067790254.84774,35.662985,112.882395
Jindal Shadeed Iron & Steel LLC,2500.0,2,1,1,,22.071424999999998,57.1393025
Jindal Stainless Ltd,3000.0,3,1,1,94078994866.96956,23.132222333333335,78.267228
Jindal Steel Chhattisgarh Ltd,0.0,1,1,1,8708985977.676916,21.895041,83.376759
Jindal Steel Limited Ltd,9600.0,5,1,1,17670122099.80673,20.9652604,84.242291
Jindal Steel Odisha Ltd,6300.0,1,1,1,10146547279.815842,20.874713,84.944082
Jinding Heavy Industries Co Ltd,3000.0,1,1,1,189064228850.86957,36.718952,114.111677
Jingdong Steel,0.0,1,1,1,,35.698361,4.478169
Jingye (Yingkou) Medium Plate Co Ltd,5500.0,1,1,1,91760599608.88235,40.671136,122.395441
Jingye Iron and Steel Co Ltd,6400.0,1,1,1,184573101987.5097,38.391372,114.139998
Jingzhou Qunli Metal Products Co Ltd,1000.0,1,1,1,38205541993.96432,30.3505,112.353782
Jinye Steel Group Co Ltd,950.0,1,1,1,68729326480.3698,36.148131,113.209523
Jinzhou Jinxing Special Steel Co Ltd,0.0,1,1,1,54238701827.81923,41.188888,121.225043
Jishan Mingfu Steel Products Co Ltd,1433.0,1,1,1,29193307116.655434,35.665945,111.025976
JiuJiang PXSteel Co Ltd,4700.0,1,1,1,49202409985.341385,29.778431,116.27527
Jiugang Group Yuzhong Iron & Steel Co Ltd,4000.0,1,1,1,159988995314.00266,36.033646,104.035535
KG Steel Co Ltd,1000.0,2,1,1,,37.233173,126.707465
KIC Metaliks Ltd,0.0,1,1,1,78911937623.12569,23.507539,87.277914
KISCO Corp,3000.0,1,1,1,,35.216552,128.640158
KMK Tempo JSC,504.0,1,1,1,,55.723465,52.541024
KSP Steel LLC,0.0,1,1,1,,52.334465,76.956302
KSRM Steel Plant Ltd,800.0,1,1,1,,22.499834,91.715778
KVV Liepājas metalurgs AS,0.0,1,1,1,,56.525273,21.0267
Kaavian Steel Co,35.0,1,1,1,,31.283549,48.572468
Kalyani Steels Ltd,0.0,1,1,1,46089200704.690956,20.601819,85.594653
Kam Industries (Nigeria) Ltd,600.0,1,1,1,,8.390993,4.674475
Kamet-Steel PrJSC,3500.0,1,1,1,,48.528019,34.640915
Kapila Metals Pvt Ltd,0.0,1,1,1,9907907877.655088,19.874223,75.817553
Kaptan Demir Celik Endustrisi Ve Ticaret AŞ,1400.0,1,1,1,,41.015222,27.959978
Kardemir Karabuk Demir Çelik Sanayi Ve Ticaret AŞ,4751.0,2,1,1,,39.9619795,29.799544500000003
Kazakhstal LLP,0.0,1,1,1,,49.8902647,73.7561639
Khorasan Steel Complex Co,1400.0,1,1,1,,36.3445,58.67875
Khouzestan Oxin Steel Co,0.0,1,1,1,,31.277236,48.747422
Khouzestan Steel Co,0.0,1,1,1,,31.270091,48.732904
Kish South Kaveh Steel Co,2400.0,1,1,1,,27.169696,56.095207
Kishiwada Steel Co Ltd,500.0,1,1,1,4024872190911.7173,34.477479,135.353918
Kobe Steel Ltd,4394.0,2,1,1,2380365036762.6226,34.711946,135.036741
Koc Metalurji AŞ,1200.0,1,1,1,,37.01488,36.104416
Kocaer Çelik Sanayi ve Ticaret AŞ,0.0,1,1,1,,37.858651,27.845846
Krasnyi Oktyabr' Corporation JSC,501.0,1,1,1,,48.754025,44.561004
Kroman Celik Sanayii AS,1500.0,1,1,1,,40.801101,29.374115
Kunming Iron & Steel Holding Co Ltd,0.0,1,1,1,,21.423783,96.454378
Kurdistan Steel Co,0.0,1,1,1,,35.936932,47.762024
Kurum International ShA,0.0,1,1,1,,41.094611,20.026117
Kyoei Steel Ltd,2645.0,3,1,1,2290570294542.1885,34.61929633333333,134.55528633333333
LNM Group,700.0,1,1,1,,-7.3551286,112.7037297
Laiwu Steel Yinshan Section Co Ltd,5600.0,1,1,1,51404078756.40897,36.106143,117.820108
Lamines Marchands Europeens SA,850.0,1,1,1,,50.3292,3.490913
Langfang Guangyuan Metalwork Co Ltd,0.0,1,1,1,1009910154140.4136,39.181466,116.838667
Lao Cai Cast Iron and Steel,500.0,1,1,1,,22.306931,104.12992
Lebedinskiy GOK JSC,0.0,1,1,1,,51.261995,37.654622
Lech Stahlwerke GmbH,1400.0,1,1,1,,48.512051,10.855292
Lengshuijiang Iron and Steel Co Ltd,3000.0,1,1,1,18218977581.76848,27.690401,111.437288
Lianfeng Steel (Zhangjiagang) Co Ltd,6720.0,1,1,1,691192891097.3962,31.855205,120.730505
Lianping County Huafeng Steel Co Ltd,720.0,1,1,1,7860661720.28815,24.18435,114.728202
Lianyungang Huale Alloy Group Co Ltd,621.0,1,1,1,62208001532.84489,34.607964,119.447626
Lianyungang Yaxin Iron and Steel Co Ltd,3000.0,1,1,1,21492612750.274986,34.423786,119.778311
Liaoyang United Steel Co Ltd,2300.0,1,1,1,210271387199.7962,41.19138,122.877311
Liaoyang Xinyi Special Steel Co Ltd,500.0,1,1,1,207956725496.76184,41.225003,122.970488
Liberty Galati SA,0.0,1,1,1,,45.434119,27.976244
Liberty Steel Group,726.0,6,4,2,,46.305577,-25.015413499999998
Libyan Iron and Steel Co,1710.0,1,1,1,,32.335185,15.215053
Licheng Taihang Iron & Steel Co Ltd,1700.0,1,1,1,63358692955.12561,36.472303,113.344155
Lingyuan Iron & Steel Co Ltd,5994.0,1,1,1,8449719856.137927,41.271048,119.41374
Linyi Iron and Steel Investment Group Co Ltd,2700.0,1,1,1,53272173903.43916,35.15735,119.133999
Linyi Iron and Steel Investment Group Stainless Steel Co Ltd,700.0,1,1,1,49102072073.52552,35.148443,119.068015
Linyi Jiangxin Steel Co Ltd,0.0,1,1,1,164788953238.1223,34.951117,118.305389
Linyi Meide Gengchen Metal Materials Co Ltd,500.0,1,1,1,49326982913.5983,35.188667,119.087048
Linzhou Hexin Foundry Co Ltd,240.0,1,1,1,102240701401.62509,36.112742,113.861135
Liuzhou IRON&STEEL Co Ltd,9458.0,1,1,1,106919872651.21158,24.385304,109.37963
Liyang Baorun Steel Co Ltd,2760.0,1,1,1,149850825886.9499,31.471123,119.485941
Lloyds Metals and Energy Ltd,0.0,2,1,1,2566851885.544288,19.850123,79.4664715
Long Son Phu My Iron & Steel Co,0.0,1,1,1,,14.457367,109.0789538
Longchuan Hanghui Steel Co Ltd,930.0,1,1,1,6334060729.585486,24.113189,115.215068
Longnan Fuxin Steel Co Ltd,1500.0,1,1,1,2717532226.4839673,24.912904,114.844503
Luannan Huarui Steel Co Ltd,0.0,1,1,1,122208342739.46231,39.51833,118.715766
Lucheng Xingbao Iron & Steel Co Ltd,1900.0,1,1,1,64949971438.52852,36.332449,113.15509
Luoyang Luogang Group of Steel and Iron Co Ltd,0.0,1,1,1,201192744938.41702,34.798477,112.580505
Luzhou Xinyang Vanadium Titanium Steel Co Ltd,2000.0,1,1,1,32944059922.257732,28.851779,105.70509
Lvliang Jianlong Industrial Co Ltd,1400.0,1,1,1,81961745851.4654,37.47311,112.06093
MK Azovstal' PrAT,0.0,1,1,1,,47.094724,37.596862
MMK Metalurji Sanayi Ticaret ve Liman Isletmeciligi AŞ,2300.0,1,1,1,,36.768975,36.213842
MSP Steel & Power Ltd,385.0,1,1,1,10100227857.664085,21.87673,83.554495
MZ Balakovo JSC,1250.0,1,1,1,,51.936009,47.81591
Maanshan Iron & Steel Co Ltd,15480.0,1,1,1,597053458401.5353,31.698884,118.468194
Maegma Minerals Sdn Bhd,0.0,1,1,1,,4.2405829,100.5949428
Maghreb Steel SA,1000.0,1,1,1,,33.632918,-7.434084
Magnitogorskiy Metallurgicheskiy Kombinat PJSC,14500.0,1,1,1,,53.427593,59.054122
Makran Steel Co,0.0,1,1,1,,25.4483977,60.6408488
Makstil AD,550.0,1,1,1,,42.016228,21.46605
Malaysia Steel Works (KL) Bhd,800.0,1,1,1,,3.077835,101.46448
Marcegaglia Holding SpA,0.0,1,1,1,,43.445004,4.846805
Marcegaglia Stainless Sheffield Ltd,0.0,1,1,1,,53.399598,-1.395818
Mariupolskyi Metalurgiinyi Kombinat Imeni Illicha PrAT,0.0,1,1,1,,47.1402768,37.5943416
Mashiz Bardsir Steel Industries Co,400.0,1,1,1,,29.948688,56.732593
Mass Iraq Iron and Steel Industry Co,1250.0,1,1,1,,35.660125,45.039062
Matesi,0.0,1,1,1,,8.300159,-62.780136
Max Aicher GmbH & Co KG,0.0,1,1,1,,48.886028,21.82705
Med-steel Ltd,800.0,1,1,1,,33.628437,36.57259391534359
Megasa Siderurgica SL,700.0,1,1,1,,43.51421,-8.163839
Megasider Zaragoza SA,500.0,1,1,1,,41.56988,-0.856566
Megasteel Sdn Bhd,0.0,1,1,1,,2.8072653,101.6055808
Meghna Re-rolling and Steel Mills Ltd,0.0,1,1,1,,23.585487,90.648875
Meranti Steel Pte Ltd,0.0,2,2,2,,16.16514,79.409817
Mesabi Mining LLC,0.0,1,1,1,,47.383441,-93.219413
Mescier Demir Celik AŞ,1000.0,1,1,1,,41.565932,32.427758
Mesco Kalinga Steel Ltd,1200.0,1,1,1,17327711187.14309,20.976277,86.044419
Metalfer Steel Mill Sremska Mitrovica doo,500.0,1,1,1,,44.977213,19.64601
Metallus Inc,1088.0,2,1,1,,40.766927,-81.418129
Metinvest Adria SpA,0.0,1,1,1,,42.93652,10.537794
Metinvest Holding LLC,0.0,1,1,1,,49.039389,31.332628
Mianeh Steel,0.0,1,1,1,,37.37881,47.736689
Mikhailovsky HBI LLC,0.0,1,1,1,,52.360448,35.397314
Millcon Steel PCL,800.0,1,1,1,,12.819544,101.152954
Mindong Saiqi Economic Development Zone Fuhua Steel Rolling Co Ltd,0.0,1,1,1,11697363682.34901,26.961516,119.654272
Ministry of Defense (Poland),840.0,1,1,1,,50.782614,19.165566
Mintal Group Co Ltd,0.0,1,1,1,190596578.8616632,41.7915,109.865367
Minyuan Iron and Steel Group Co Ltd,2700.0,1,1,1,73538117479.19241,34.013369,116.422599
Mitsui-Kobe Steel JV,0.0,1,1,1,,19.529594,57.61573
Mobarakeh Steel Co,4100.0,4,1,1,,31.0024965,52.512505250000004
Moldova Steel Works JSC,0.0,1,1,1,,47.783771,29.02835
Mono Steel (India) Ltd,770.0,1,1,1,5533021171.26422,23.312265,70.201953
Moon Iron and Steel Company SAOC,0.0,1,1,1,,24.409437,56.520134
Mount Zynai 0304 Mining Corp,0.0,1,1,1,,7.716994,122.998671
Mughal Iron & Steel Industries Ltd,583.0,1,1,1,,31.653035,74.183149
Mukand Sumi Special Steel Ltd,450.0,1,1,1,6487520282.898114,15.328976,76.258613
Myanmar Economic Corp,400.0,1,1,1,,21.377652,95.372079
NLMK Indiana LLC,770.0,1,1,1,,41.625912,-87.159989
NMDC Steel Ltd,3000.0,2,1,1,4316062754.81437,17.13973905,79.5432955
NR Ispat and Power Pvt Ltd,297.0,1,1,1,9124756910.103502,22.013086,83.330372
Nakayama Steel Products Co Ltd,600.0,1,1,1,4425872987213.524,34.699762,135.430119
Nakayama Steel Works Ltd,600.0,1,1,1,4389614453696.843,34.628162,135.459688
Nanjing Iron & Steel Co Ltd,10000.0,1,1,1,773166310817.1803,32.200797,118.746315
Nanyang Hanye SPECIAL STREET Co Ltd,3000.0,1,1,1,4971535691.998611,33.269324,111.534635
Natanz Steel Co,733.0,1,1,1,,33.428593,51.982273
National Steel Co,1000.0,1,1,1,,26.244786,49.969064
National Steel Complex Ltd,0.0,1,1,1,,24.794779,67.353032
Neelachal Ispat Nigam Ltd,1100.0,1,1,1,14663274158.29377,20.998641,86.019102
Nemo Industries Inc,0.0,1,1,1,,30.092838753017322,-90.9539266739139
Nervacero SA,1000.0,1,1,1,,43.30806,-3.026309
New Zealand Steel Ltd,650.0,1,1,1,,-37.206878,174.728098
Neyriz Ghadir Steel Co,1000.0,1,1,1,,29.168087,54.621487
Nghi Son VAS Group JSC,3150.0,1,1,1,,19.326924,105.777449
Nilachal Iron & Power Ltd,99.0,1,1,1,24757040506.352974,22.874863,86.063646
Ningbo Haoyang New MATERIALS Techonology Co Ltd,500.0,1,1,1,309467375259.43335,30.267113,121.052503
Ningbo Iron & Steel Co Ltd,3999.0,1,1,1,357936864667.69196,29.918776,121.876423
Ningxia Boyu Hongxing Special Steel Group Co Ltd,0.0,1,1,1,25287183334.57392,39.273832,106.75146
Ningxia Iron and Steel (Group) Co Ltd,1800.0,1,1,1,7107784086.731286,37.503054,105.078348
Ningxia Jianlong Special Steel Co Ltd,3500.0,1,1,1,22448592568.906364,39.215452,106.688294
Ningxia Xinghua Iron and Steel Co Ltd,1500.0,1,1,1,22089692954.080418,39.309571,106.79093
Nippon Steel Corp,35395.0,10,1,1,1207883420963.044,35.2976642,135.4098151
Nippon Steel Stainless Steel Corp,1366.0,2,1,1,26174789226.23429,34.011835000000005,131.856312
North American Stainless Inc,1600.0,1,1,1,,38.725418,-85.076015
North Star BlueScope Steel Ltd,3034.0,1,1,1,,41.568783,-84.048129
North West Steel Industries Co,800.0,1,1,1,,37.127089,46.17345
Novasco BV,0.0,1,1,1,,49.241492,6.152631
Novolipetsk Steel PJSC,14400.0,1,1,1,,52.557372,39.629574
Novorossiysk Rolling Plant LLC,830.0,1,1,1,,47.740457,40.189445
Nová Huť sro,0.0,1,1,1,,49.792139,18.309875
Nu-Iron Unlimited,0.0,1,1,1,,10.399138,-61.486326
Nucor Corp,17737.0,13,1,1,,37.80359449230769,-90.87709860000001
Nucor Steel Decatur LLC,3100.0,1,1,1,,34.63963,-87.085738
Nucor Steel Kankakee Inc,794.0,1,1,1,,41.180734,-87.856196
Nucor Steel Kingman LLC,572.0,1,1,1,,35.143192,-114.089568
Nucor Steel Louisiana LLC,0.0,1,1,1,,30.076693,-90.859953
Nucor Steel Memphis Inc,891.0,1,1,1,,35.048395,-90.163033
Nucor Steel Seattle Inc,855.0,1,1,1,,47.569597,-122.367395
Nucor Steel Tuscaloosa Inc,1200.0,1,1,1,,33.234761,-87.508498
Nucor Yamato Steel Co,3174.0,1,1,1,,35.941421,-89.713819
ORI Martin - Acciaieria e Ferriera di Brescia SpA,650.0,1,1,1,,45.566054,10.2147
Optimus Steel LLC,750.0,1,1,1,,30.08201,-94.074694
Orion Steel Group LLC,2400.0,2,2,1,,44.37038,-104.619242
Orissa Metaliks Pvt Ltd,2050.0,3,1,1,18627073365.941055,22.199786666666665,86.18568800000001
Orissa Sponge Iron and Steel Ltd,101.0,1,1,1,5189988797.388244,21.801994,85.56751
Orissa Steel & Power Pvt Ltd,0.0,1,1,1,17368489401.60102,22.3591,87.017184
Osaka Steel Co Ltd,4650.0,1,1,1,4348569280727.1577,34.59822,135.45439
Oskol'skiy Elektrometallurgicheskiy Kombinat Imeni Alekseya Alekseyevicha Ugarova JSC,3500.0,1,1,1,,51.142738,37.940532
Outokumpu Stainless AB,1700.0,2,2,1,,62.957968,20.17464
Outokumpu Stainless USA LLC,1000.0,1,1,1,,31.148179,-87.98866
Ovako AB,1075.0,2,2,1,,60.849074,22.550794500000002
Ozkan Demir Celik Sanayi AŞ,1200.0,1,1,1,,38.737005,26.950824
Ozmert Algeria SARL,390.0,1,1,1,,35.47858,-0.62139
POSCO Holdings Inc,41757.0,2,1,1,,35.464698,128.57157899999999
PT Gunung Raja Paksi Tbk,1820.0,3,1,1,,-2.0263483333333334,107.244709
PT Jakarta Prima Steel Industries,900.0,1,1,1,,-6.181643,106.932331
PT Krakatau Posco,3000.0,1,1,1,,-5.998661,105.99866
PT Krakatau Steel (Persero) Tbk,4000.0,1,1,1,,-6.007021,106.001766
PT Mandan Steel,1000.0,1,1,1,,-3.339296,115.927125
PT The Master Steel MFG,2000.0,1,1,1,,-6.18421,106.920067
PT Xinheng Metal Indonesia,0.0,1,1,1,,-2.830574,122.157448
Pakistan Steel Mills Corp Pvt Ltd,0.0,1,1,1,,24.809977,67.35244
Pan Gang Group Sichuan Changcheng Special Steel Co Ltd,669.0,1,1,1,59851501405.47284,31.763517,104.761441
Pangang Group Xichang Steel and Vanadium Co Ltd,3900.0,1,1,1,13986038223.872597,27.74799,102.20517
Panhua Group Co Ltd,2000.0,2,1,1,,7.196608,124.917231
Panzhihua Steel Group Panzhihua Steel Vanadium Co Ltd,5900.0,1,1,1,21617919444.495834,26.565265,101.673737
Pasargad Steel Complex Co,1500.0,1,1,1,,29.191019,52.845405
Pavgord doo,1940.0,1,1,1,,44.224446,17.899815
Peiner Traeger GmbH,1000.0,1,1,1,,52.313935,10.258482
Perfect Channel Sdn Bhd,0.0,1,1,1,,5.778871,100.49907
Persian Gulf Negin Steel,0.0,1,1,1,,34.475932,60.292146
Persian Gulf Saba Steel,0.0,1,1,1,,27.189076,56.105633
Perwaja Steel Sdn Bhd,0.0,1,1,1,,4.264364,103.461728
Pomina Steel JSC,1500.0,2,1,1,,10.589305,107.0429075
Port Hedland Iron Pty Ltd,0.0,1,1,1,,-20.395832,118.537975
Posco Vietnam Co Ltd,1000.0,1,1,1,,10.560316,107.02684
Prakash Industries Ltd,1190.0,1,1,1,21213349775.643112,22.004694,82.671666
Prakash Sponge Iron and Power Pvt Ltd,0.0,1,1,1,2047193794.313386,14.152912,76.665824
Premium Steel and Mines Ltd,0.0,1,1,1,,5.480763,5.769839
Progressive Green Solutions JV,0.0,1,1,1,,-28.70725,114.900163
Promsort LLC,5500.0,3,1,1,,55.41335566666667,44.77105233333333
Public Investment Fund (Saudi Arabia); Baoshan Iron & Steel Co Ltd; Saudi Arabian Oil Co,0.0,1,1,1,,27.502597,49.180369
Qatar Steel Company QPSC,2900.0,1,1,1,,24.952688,51.584777
QazSpetsSteel LLC,0.0,1,1,1,,50.286408,57.168382
Qazaqstan Steel Group LLP,6000.0,1,1,1,,50.031766,72.994863
Qeshm Steel Development Co,0.0,1,1,1,,26.826494,55.957708
Qian'an City Jiujiang Wire Co Ltd,7079.0,1,1,1,141065190570.20123,39.952209,118.559444
Qian'an Zhayi Steel Group Co Ltd,1500.0,1,1,1,85031390622.00455,40.044026,118.552001
Qianxinan Prefecture Juxin Industry & Trade General Co,0.0,1,1,1,14560783277.573309,25.150857,105.041722
Qingdao Special Iron and Steel Co Ltd,4170.0,1,1,1,60132410886.644936,35.6296,119.722335
Qinglong Manzhu Autonomous County Delong Casting Industry Development Co Ltd,1350.0,1,1,1,1427035663.1484487,40.427008,119.219855
Qinhuangdao Baigong Steel Co Ltd,2260.0,1,1,1,72672191442.77571,39.748773,118.819472
Qinhuangdao Hongxing Iron & Steel Co Ltd,3450.0,1,1,1,68560974920.82874,39.700721,118.871477
Qinyang Hongda Iron & Steel Co Ltd,500.0,1,1,1,124823656868.20844,35.184849,112.902248
Quzhou Yuanli METAL Products Co Ltd,0.0,1,1,1,27203898035.221455,28.893407,118.867125
Rajhi Steel Industries Co Ltd,850.0,1,1,1,,21.290402,39.183444
Ramsarup Industries Ltd,0.0,1,1,1,314475804089.9519,22.977477,88.457443
Rashmi Green Hydrogen Steel Pvt Ltd,0.0,1,1,1,34471063371.01884,22.331489,87.398085
Rashmi Metaliks Ltd,498.0,2,1,1,56420388268.42001,23.033503500000002,87.186836
Rashtriya Ispat Nigam Ltd,7300.0,1,1,1,33043557653.707237,17.612846,83.191918
Republic Steel Corp,0.0,2,1,1,,41.127235999999996,-81.7325635
Rio Tinto Iron and Titanium Canada Inc,600.0,1,1,1,,46.044367,-73.138474
Riva Acciaio SpA,1380.0,2,1,1,,44.993105,8.4902225
Riva Industries,800.0,1,1,1,,33.165438,-8.5883
Rizhao Steel Holding Group Co Ltd,11300.0,1,1,1,47068623702.215385,35.16535,119.366672
Rockcheck Steel Group Co Ltd,3250.0,1,1,1,1186468591033.9233,38.970638,117.495794
Rungta Mines Ltd,1375.0,5,1,1,11406786202.02886,21.9107876,85.4521354
S.C. Silcotub SA,535.0,1,1,1,,44.217275,27.29968
SGIS Songshan Co Ltd,8698.0,1,1,1,32095815445.071198,24.708232,113.635898
SIJ Acroni doo,726.0,1,1,1,,46.423994,14.094645
SMS Group GmbH,0.0,1,1,1,,26.787872,30.572474
SN MAIA Siderurgia Nacional SA,600.0,1,1,1,,41.255085,-8.555285
SN SEIXAL Siderurgia Nacional SA,1100.0,1,1,1,,38.616023,-9.068527
SSAB AB,13.0,3,2,1,,62.96053966666667,21.255343
SSAB Americas Holding AB,2450.0,2,1,1,,36.211895999999996,-89.416679
SUE DPR UMP,1000.0,1,1,1,,47.982276,37.810634
Saarstahl AG,730.0,2,2,1,,49.822903,5.2051870000000005
Sabzevar Pars Steel Complex,0.0,1,1,1,,36.58952,57.571719
Salzgitter Flachstahl GmbH,0.0,1,1,1,,52.161794,10.409371
Sam Montereau SAS,720.0,1,1,1,,48.387211,2.981091
Sansteel Minguang Co Ltd Fujian,6799.0,1,1,1,12595378207.224375,26.261109,117.614709
Sanyo Special Steel Co Ltd,1596.0,1,1,1,474328113325.69275,34.788074,134.672046
Sarmad Iron and Steel Complex Abarkouh,0.0,1,1,1,,31.222989,53.392728
Saudi Iron and Steel Co,6000.0,1,1,1,,27.018411,49.576356
Scaw Metals Group Pty Ltd,600.0,1,1,1,,-26.273316,28.163761
SeAH Besteel Holdings Corp,2101.0,1,1,1,,35.968596,126.609524
SeAH Changwon Integrated Special Steel Corp,1200.0,1,1,1,,35.204191,128.604277
SeAh Steel Holdings Corp,1200.0,1,1,1,,35.991176,129.375791
Sentuo Steel Ltd,800.0,1,1,1,,5.691267,-0.001073
Setareh Simin Hormoz Co,0.0,1,1,1,,27.192922,56.114617
Sev.en Global Investments AS,1970.0,2,2,1,,58.895638000000005,5.5152505000000005
Severskiy Trubnyi Zavod JSC,950.0,1,1,1,,56.478428,60.249411
Severstal PJSC,12201.0,1,1,1,,59.143998,37.86295
Shaanxi Hanzhong Iron & Steel Group Co,700.0,1,1,1,23461132357.101837,33.132446,106.657646
Shaanxi Huaxin Special Steel Group Co Ltd,0.0,1,1,1,25963760592.60079,34.523278,109.986042
Shaanxi Iron and Steel Group Co Ltd,0.0,1,1,1,,-3.404326,105.409279
Shaanxi LONG MEN IRON&STEEL Co Ltd,3800.0,1,1,1,19596914928.791195,35.618466,110.575788
Shaanxi Lueyang Iron and Steel Co Ltd,0.0,1,1,1,1316622563.3451722,33.323678,106.167206
Shadegan Steel Industry Co,1000.0,1,1,1,,30.565979,48.939846
Shagang Group Anyang Yongxing Iron & Steel Co Ltd,2600.0,1,1,1,127871220058.78397,36.143573,114.149964
Shakambhari Ispat & Power Ltd,660.0,1,1,1,109152199195.43451,23.613861,86.789527
ShanXi TongCai Industry and Trade Co Ltd,2780.0,1,1,1,51408765502.28326,35.694321,111.429381
Shandong Chuanyang Group Co Ltd,0.0,1,1,1,238058684185.63306,36.894784,117.888366
Shandong Guangfu Group Co Ltd,0.0,1,1,1,242452202532.58633,36.863145,117.616918
Shandong IRON&STEEL Group Rizhao Co Ltd,8500.0,1,1,1,45929732916.669426,35.188969,119.383723
Shandong Iron & Steel Group Yongfeng Lingang Corp,5400.0,1,1,1,42117531705.909676,35.137061,119.068319
Shandong Iron Steel Group Yongfeng Zibo Co Ltd,0.0,1,1,1,238829536839.73828,36.906036,118.111833
Shandong Iron and Steel Co Ltd,3850.0,2,1,1,44739725858.29614,36.0881105,117.839203
Shandong Jinguan Metallurgical Technology Co Ltd,2450.0,1,1,1,54142448980.71538,37.449126,116.396787
Shandong Laigang Yongfeng Steel Corp,0.0,1,1,1,341219898034.86743,36.7993,116.8026
Shandong Longsheng Iron and Steel Co Ltd,0.0,1,1,1,244038036256.56888,36.891189,118.187041
Shandong Luli Steel Co Ltd,1400.0,1,1,1,176714963697.2971,36.970875,118.955444
Shandong Minyuan Steel & Iron Co Ltd,0.0,1,1,1,402269814687.9088,36.728409,117.426582
Shandong Shouguang Juneng SPECIAL Steel Co Ltd,2850.0,1,1,1,203147798387.9767,36.939125,118.785598
Shandong Taigang Xinhai Stainless Steel Co Ltd,1860.0,1,1,1,57646202837.99932,35.228556,119.084178
Shandong Taishan Steel Group Co Ltd,0.0,1,1,1,86307503713.77719,36.22141,117.627728
Shandong Xinhua Special Steel Group Co Ltd,0.0,1,1,1,79718378146.97552,36.256175,116.179833
Shangang Group Hanzhong Iron & Steel Co Ltd,3000.0,1,1,1,24064898543.403503,33.133192,106.671859
Shanghai Meishan Iron & Steel Co Ltd,7600.0,1,1,1,798438574036.0614,31.902969,118.61667
Shanxi Changxin Industry Co Ltd,0.0,1,1,1,64393651747.51885,36.326589,113.117181
Shanxi Dongfang Hengliu Precision Casting Co,0.0,1,1,1,47921159945.596924,36.080051,111.647754
Shanxi Gaoyi Steel Co Ltd,2700.0,1,1,1,25637970624.878468,35.586841,111.258436
Shanxi HONGDA Iron and Steel Group Co Ltd,2300.0,1,1,1,23358526774.87466,35.701895,110.786826
Shanxi HUAQIANG Iron and Steel Co Ltd,0.0,1,1,1,35073847421.53947,35.670848,111.378887
Shanxi Jianlong Industrial Co Ltd,4750.0,1,1,1,30763752090.97767,35.417405,111.303919
Shanxi Jinnan Iron and Steel Group Co Ltd,4800.0,1,1,1,50125477159.48524,35.678541,111.51465
Shanxi Liheng Iron and Steel Co Ltd,0.0,1,1,1,51410232931.17883,35.701541,111.42671
Shanxi Meijin Iron and Steel Co Ltd,1700.0,2,1,1,207865840154.52042,38.155327,112.4594385
Shanxi Taigang Stainless Steel Co Ltd,12460.0,1,1,1,408798447492.5029,37.931488,112.539321
Shanxi Tongde Xinghua Special Steel Co Ltd,2500.0,1,1,1,119545146373.24329,40.183517,113.305462
Shanxi Xintai Iron & Steel Co Ltd,3000.0,1,1,1,49705081836.35056,37.075017,111.985148
Shanxi Zhongsheng Iron and Steel Co Ltd,0.0,1,1,1,52322500679.8203,35.727776,111.330122
Shanxi Zhongyang Iron & Steel Co Ltd,3600.0,1,1,1,17046326898.732037,37.370796,111.161118
Shengli (Qingyuan) Steel Products Co Ltd,1000.0,1,1,1,697901649845.0518,23.553041,113.119942
Shengli Vietnam Special Steel Co Ltd,800.0,1,1,1,,20.652657,106.440208
ShiGangJingCheng Equipment Development and Manufacturing Co Ltd,1900.0,1,1,1,90563235673.0708,40.626396,122.38884
Shiheng SPECIAL Steel Group Co Ltd,4650.0,1,1,1,46870236362.96924,36.229201,116.533981
Shijiazhuang Hongsen Melting & Casting Co Ltd,0.0,1,1,1,374823381016.80383,38.021527,114.916959
Shijiazhuang Iron and Steel Co Ltd,2000.0,2,1,1,345122110245.45856,38.067871499999995,114.2967005
Shiu Wing Steel Ltd,0.0,1,1,1,,22.369498,113.926095
Shiyan Fuyan Iron and Steel Co Ltd,0.0,1,1,1,25935986563.35463,32.650367,110.654794
Shougang Changzhi IRON& Steel Co Ltd,3600.0,1,1,1,64402637326.70527,36.356404,113.060809
Shougang Guiyang SPECIAL Steel Co Ltd,600.0,1,1,1,220934503269.77292,26.873592,106.73215
Shougang Jingtang United Iron & Steel Co Ltd,13700.0,1,1,1,7413258906.49143,38.953664,118.50339
Shougang Shuicheng Iron & Steel (Group) Co Ltd,3501.0,1,1,1,16564108791.537687,26.595229,104.877413
Shougang Yili Iron & Steel Co Ltd,0.0,1,1,1,241332122.20395187,43.528516,83.276706
Shri Bajrang Power and Ispat Ltd,500.0,1,1,1,41929328798.70506,21.48619,81.771697
Shyam Metalics and Energy Ltd,2750.0,2,1,1,51156264016.52296,22.6870465,85.5822505
Shyam Steel Industries Ltd,420.0,1,1,1,113652377106.05936,23.590212,86.724603
Shyam Steel Manufacturing Ltd,126.0,1,1,1,90176027026.44165,23.564157,87.089552
Shyeh Sheng Fuat Steel & Iron Works Co Ltd,720.0,1,1,1,,22.559391,120.3656132
Siam Yamato Steel Co Ltd,1100.0,2,1,1,,12.69077,101.12935250000001
Sichuan Dazhou Iron & Steel Group Co Ltd,2300.0,1,1,1,20196406955.79148,31.18945,107.453099
"Sichuan De Sheng Group, Vanadium and Titanium Co Ltd",3000.0,1,1,1,33873451061.61892,29.39798,103.542532
Sichuan Gangchen Stainless Steel Co Ltd,600.0,1,1,1,35038962266.712555,29.501044,103.607365
Sichuan Shehong Chuanzhong Construction Materials Co Ltd,550.0,1,1,1,32922283845.382465,30.830726,105.367695
Sichuan Shengquan Iron and Steel Group Co Ltd,1000.0,1,1,1,112684606719.79884,31.255961,104.190612
Sichuan Ya'an Anshan Iron and Steel Co Ltd,830.0,1,1,1,5554818207.0817795,30.059133,102.625907
Sidenor Aceros Especiales SLU,740.0,1,1,1,,43.227282,-2.884676
Sidenor Steel Industry SA,800.0,1,1,1,,40.704458,22.816542
Siderca SAIC,1720.0,1,1,1,,-34.152554,-58.977388
Siderpotenza SpA,700.0,1,1,1,,40.639356,15.827842
Siderurgica Norte Brasil SA,504.0,1,1,1,,-5.414287,-49.081305
Siderurgica Sevillana SA,1300.0,1,1,1,,37.362968,-5.886865
Siderurgica del Orinoco Alfredo Maneiro CA,1020.0,1,1,1,,8.259073,-62.841126
Sin Yuan Steel LLP,0.0,1,1,1,,42.272259,69.7261
Sinosteel Corp Ltd,0.0,1,1,1,,0.461697,37.991283
Sipar Aceros SA,650.0,1,1,1,,-32.9912336,-60.7588733
Sirjan Jahan Steel Co,1000.0,1,1,1,,29.13806,55.375073
Societe des Aciers d'Armature pour le Beton SAS,850.0,1,1,1,,48.611482,6.111864
Sohar Steel LLC,700.0,1,1,1,,24.499869,56.599111
Solb Steel Co,1200.0,1,1,1,,17.298475,42.352338
Southern Steel Bhd,1400.0,1,1,1,,5.399453,100.382177
Sovel SA,1350.0,1,1,1,,39.169632,22.840216
Stahl Gerlafingen AG,720.0,1,1,1,,47.171958,7.562287
Stahlwerk Thueringen GmbH,1100.0,1,1,1,,50.654574,11.43745
Star Infrastructure Development Corp,0.0,1,1,1,,22.774191,91.574601
State Company for Iron and Steel (Iraq),580.0,1,1,1,,30.2471634,47.832418
StavStal' LLC,500.0,1,1,1,,44.688323,41.927331
Steel Authority of India Ltd,20432.0,8,1,1,54226790419.32176,22.683159047542837,85.7173442946815
Steel Dynamics Inc,12662.0,6,1,1,,36.856681333333334,-87.13497016666668
SteelAsia Manufacturing Corp,2100.0,7,1,1,,12.477770514285712,122.37712065714287
Stegra AB,0.0,2,2,1,,53.134544500000004,9.00497
Sterling Steel Co LLC,1090.0,1,1,1,,41.785971,-89.710947
Stomana Industry AD,1400.0,1,1,1,,42.595629,23.093095
Stoylenskiy Gorno-Obogatitel'nyi Kombinat JSC,0.0,1,1,1,,51.243964,37.783498
Suez Steel Company SAE,2080.0,1,1,1,,29.927875,32.437744
Sulb Company BSCC,1300.0,1,1,1,,26.198152,50.679893
Sun Metal Casting LLC,0.0,1,1,1,,22.632992,59.416971
Sunflag Iron and Steel Co Ltd,525.0,1,1,1,5103773781.2194805,21.232929,79.632398
Surjagad Ispat Pvt Ltd,0.0,1,1,1,229875843.4949792,19.487201,79.968551
Swadesh Metallics Pvt Ltd,0.0,1,1,1,35693400033.64848,21.625706,81.705254
Swiss Steel Holding AG,650.0,1,1,1,,47.308055,7.873594
Sıddık Kardeşler Haddecilik Sanayi Ticaret LŞ,690.0,1,1,1,,40.800833,29.512008
TANG Shan Iron and Steel Group Co Ltd,0.0,1,1,1,204542943420.90775,39.648587,118.212487
TRINECKÉ ZELEZÁRNY AS,1500.0,1,1,1,,49.689053,18.654557
TT Iron Steel Company Ltd,0.0,1,1,1,,10.403605,-61.482939
TY Steel Co Ltd,600.0,1,1,1,,12.857307,101.21314
Taganrogskiy Metallurgicheskiy Zavod JSC,950.0,1,1,1,,47.241557,38.928584
Taishan Baofeng Iron & Steel Co Ltd,520.0,1,1,1,245869567970.61572,22.425677,112.788855
Talleres y Aceros SA de CV,1650.0,1,1,1,,18.869272,-97.047263
Tangshan Chunxing Special Steel Co Ltd,0.0,1,1,1,206099096762.2297,39.676326,118.427914
Tangshan DELONG Steel Co Ltd,0.0,1,1,1,14548303866.729263,39.19256,118.899533
Tangshan Donghai Iron and Steel Group Co Ltd,5499.0,1,1,1,196026246423.81082,39.748373,118.624794
Tangshan Donghua Iron & Steel Enterprise Group Co Ltd,4750.0,1,1,1,216249699745.68045,39.468366,118.256774
Tangshan Fengnan District Jing'an Iron and Steel Co Ltd,2000.0,1,1,1,203789168390.4502,39.600956,118.358726
Tangshan Fengnan Kaiheng Iron & Steel Co Ltd,0.0,1,1,1,216045522801.844,39.4632,118.247191
Tangshan GUOYI SPECIAL Steel Co Ltd,0.0,1,1,1,206146703005.88202,39.659153,118.411488
Tangshan Ganglu Iron & Steel Co Ltd,5614.0,1,1,1,42233999162.62849,40.183913,118.073913
Tangshan Guotang Steel Co Ltd,3000.0,1,1,1,16753353739.274887,39.293147,119.046972
Tangshan Heavy Plate Co Ltd,4200.0,1,1,1,15989894740.156174,39.268452,119.024819
Tangshan Jianlong Steel SPECIAL Steel Co Ltd,0.0,1,1,1,43054429974.424095,40.167686,117.964004
Tangshan Jinma Iron & Steel Group Co Ltd,0.0,1,1,1,207174566827.76096,39.700499,118.456775
Tangshan RUIFENG Steel and Iron (GROUP) Co Ltd,4500.0,1,1,1,204625402721.0331,39.497472,118.272056
Tangshan Shoutang Baosheng Functional Materials Co Ltd,860.0,1,1,1,205048191414.0522,39.751793,118.490004
Tangshan Songting IRON&STEEL Co Ltd,5000.0,1,1,1,140913398177.9963,39.938866,118.576678
Tangshan Stainless Steel Co Ltd,0.0,2,1,1,121155806269.97891,39.445598000000004,118.448707
Tangshan Wenfeng Special Steel Co Ltd,2000.0,1,1,1,22781684227.578827,39.146541,118.432261
Tangshan Xinbaotai Iron & Steel Co Ltd,0.0,1,1,1,189284991622.72583,39.861425,118.03667
Tangshan Xinglong Steel Co Ltd,825.0,1,1,1,208474830633.60263,39.847612,118.348448
Tangshan Yutian Jinzhou Industry Co Ltd,700.0,1,1,1,170325733990.32846,39.967373,117.857659
Tangshan Zhengfeng Steel Co Ltd,2439.0,1,1,1,209650139300.40198,39.85271,118.181279
Tanshan Iron and Steel,0.0,1,1,1,,40.67524,129.201745
Tata Metaliks Ltd,0.0,1,1,1,21455915097.899937,22.385611,87.287179
Tata Steel (Thailand) PCL,1350.0,2,1,1,,12.864989999999999,101.118098
Tata Steel Ijmuiden BV,0.0,1,1,1,,52.484118,4.615584
Tata Steel Ltd,26460.0,6,2,1,23919213053.42268,19.936931,87.20783933333333
Tata Steel UK Ltd,0.0,1,1,1,,51.577368,-3.783013
Tekhnologicheskiye Investitsii LLC,0.0,1,1,1,,47.982276,37.810634
Tembo Steels Uganda Ltd,600.0,1,1,1,,0.611975,33.457629
Ternium Argentina SA,3501.0,1,1,1,,-33.37365,-60.138697
Ternium Brasil Ltda,5200.0,1,1,1,,-22.912549,-43.741614
Ternium México SA de CV,4330.0,4,1,1,,24.09394525,-99.7053975
Thai Nguyen Iron And Steel JSC,300.0,1,1,1,,21.557484,105.8728
Thy-Marcinelle SA,800.0,1,1,1,,50.410335,4.429693
Thyssenkrupp Steel Europe AG,0.0,1,1,1,,51.491649,6.733051
Tianjin Iron PLANT Co Ltd,4870.0,1,1,1,36221473537.822914,36.58967,113.745792
Tianjin Iron and Steel Group Co Ltd,6650.0,1,1,1,1196303527670.2786,39.031083,117.499246
Tianjin Metallurgy Group Zhasan Steel Co Ltd,0.0,1,1,1,1044323212522.342,38.825269,117.08849
Tianjin Pipe Corp,3000.0,1,1,1,1207711119706.8618,39.034002,117.486798
Tianjin Rongcheng Group Tangshan Special Steel Co Ltd,0.0,1,1,1,216560206574.58688,39.551552,118.137993
Tianjin Rongcheng Group Tangshan Special Steel Co Ltd; Tangshan Zhengfeng Steel Co Ltd,0.0,1,1,1,209650139300.40198,39.85271,118.181279
Tianjin Teda Investment Holdings Co Ltd; DELONG Steel Ltd,0.0,1,1,1,,25.0,45.0
Tianjin Tianfeng Steel Co Ltd,0.0,1,1,1,1046965271896.8866,38.832642,117.102765
Tianjin Tiangang UNITED SPECIAL Steel Co Ltd,4500.0,1,1,1,458744259884.2215,39.300258,117.800231
Tianjin Tianzhong Giant Heavy Industry Co Ltd,0.0,1,1,1,115457023683.70175,39.501442,118.719554
Tokyo Steel Manufacturing Co Ltd,4786.0,4,1,1,438870277085.61584,34.909732500000004,135.435924
Tonghua Iron & Steel Co Ltd,4590.0,1,1,1,11857696146.751667,41.779125,126.022349
Tongling City Xuanli Special Steel Co Ltd,2700.0,1,1,1,78109164554.00464,31.062807,117.956015
Tongling Fuxin Iron & Steel Co Ltd,1350.0,1,1,1,42010686733.300064,30.907561,117.772866
Tongshan Liguo Iron and Steel Co Ltd,0.0,1,1,1,205644422775.17554,34.55486,117.327039
Topy Industries Ltd,960.0,1,1,1,697490594104.4661,34.719644,137.322259
Torbat Heydarieh Steel Co,1450.0,1,1,1,,35.594882,59.205984
Toscelik Profil ve Sac Endustrisi AS,6000.0,2,1,1,,36.8524495,36.1619905
Tosyali Iron and Steel Angola SA; Sonangol EP,0.0,1,1,1,,-15.263743,16.065494
Tosyali Ironsteel Industry Algerie SpA,6200.0,1,1,1,,35.770912,-0.263031
Tosyali Sulb Steel Industries Joint Company,0.0,1,1,1,,32.1818,20.124361
Tosyalı Holding AŞ,0.0,2,2,2,,32.2805115,42.650332
Triangul Metals Tebinbulak JSC,0.0,2,1,1,,41.0954103,63.98869785
Tubos de Acero de Mexico SA,1230.0,1,1,1,,19.182499,-96.237284
Tung Ho Steel Enterprise Corp,2900.0,3,1,1,,24.066205,120.74815000000001
Tung Ho Steel Vietnam Corp Ltd,1000.0,1,1,1,,10.551445,107.04368
Tuyen Quang Iron Steel Co Ltd,550.0,1,1,1,,21.738739,105.247545
UMB Steel SRL,0.0,2,1,1,,45.624066,22.628083
UMC Metals Ltd,805.0,1,1,1,,13.275832,100.969791
UMK-Stal LLC,1420.0,2,1,1,,58.351585,63.129918499999995
US Steel Košice sro,4500.0,1,1,1,,48.612001,21.191401
United States Steel Corp,13350.0,6,1,1,,39.20824433333333,-88.98969849999999
United Steel Industries Co KSCC,1200.0,1,1,1,,28.989306,48.128118
Unitex Steel Mills Ltd,0.0,1,1,1,,22.945182,91.512387
Univers Acier,720.0,1,1,1,,33.501604,-7.467891
Uralskaya Stal JSC,2050.0,1,1,1,,51.214781,58.353913
Usinas Siderurgicas de Minas Gerais SA,5000.0,2,1,1,,-21.677184500000003,-44.4602735
Ussuri Capital,0.0,1,1,1,,44.133338,28.64001
Uttam Galva Ferous Ltd,0.0,1,1,1,8961875363.954622,15.184613,76.824905
Uzbekskiy Metallurgicheskiy Kombinat JSC,1100.0,1,1,1,,40.233432,69.290873
VAS Steel An Hung Tuong LLC,500.0,1,1,1,,11.054204,106.615962
VAS Steel Tue Minh JSC,500.0,1,1,1,,11.113343,106.831064
VNSTEEL Southern Steel Co Ltd,550.0,1,1,1,,10.576597,107.028995
Vale SA,0.0,1,1,1,,-5.408654,-49.103539
Vallourec Soluções Tubulares do Brasil SA,1000.0,1,1,1,,-20.582683,-43.971555
Vallourec Star LP,725.0,1,1,1,,41.125495,-80.683382
Van Company for Industrial Investment and General Trading,750.0,1,1,1,,36.09176,43.97415
Van Merksteijn International BV,0.0,1,1,1,,53.440581,6.844773
Vardhman Special Steels Limited,0.0,1,1,1,39057411518.51495,30.890103,75.908673
Vedanta Iron and Steel Ltd,0.0,1,1,1,11810837861.605886,15.526866,73.986671
Vertra Steel Industry and Trade Corp,800.0,1,1,1,,36.945926,36.001643
Viet Nhat Advanced Steel JSC,500.0,1,1,1,,20.90553,106.628701
Vietnam - Italy Steel JSC,552.0,1,1,1,,20.946428,106.025454
VinMetal Joint Stock Company JSC,0.0,1,1,1,,18.353226,105.903042
Vina Kyoei Steel Ltd Co,1000.0,1,1,1,,10.601423,107.040679
Vina One Steel Manufacturing Corp,1200.0,1,1,1,,10.636835,106.517595
Vina Roma Quang Tri Steel JSC,0.0,1,1,1,,16.756559,107.329547
Voestalpine Stahl Donawitz GmbH,720.0,1,1,1,,47.380455,15.065182
Voestalpine Stahl GmbH,4000.0,1,1,1,,48.274023,14.33434
Volzhskiy Trubnyi Zavod JSC,900.0,1,1,1,,48.804332,44.79408
Vulcan Green Steel LLC,0.0,1,1,1,,9.082,8.6753
Vyksunskiy Metallurgicheskiy Zavod AO,1400.0,1,1,1,,55.382815,42.188954
WISCO Group Kunming Steel Co Ltd,0.0,2,1,1,286431398161.95874,24.950474,102.372738
WISCO Group Xiangyang Heavy Equipment MATERIALS Co Ltd,0.0,1,1,1,67308699013.883156,32.10704,112.235621
Walsin Lihwa Corp,1000.0,1,1,1,,23.295835858147463,120.24399172517494
Weglokoks Stal SP zoo,0.0,1,1,1,,50.289858,18.874414
Weifang SPECIAL Steel Group Co Ltd,0.0,1,1,1,154895890587.06427,36.644469,119.238427
Weining Hengchang Furnace Charge & Casting Co Ltd,0.0,1,1,1,7252642956.087944,26.783556,104.394517
Welspun Corp Ltd,288.0,1,1,1,5819621780.204546,23.112781,70.0866885
West Alborz Steel Co,1600.0,1,1,1,,36.119574,49.306253
Wu'an Yongcheng Zhuye Co Ltd,0.0,1,1,1,141137557181.9346,36.660278,113.993995
Wuan Mingfang Iron & Steel Co Ltd,0.0,1,1,1,208899561340.64273,36.710754,114.207855
Wuan Yuhua Steel Co Ltd,0.0,1,1,1,187609180394.37506,36.731752,114.098377
Wugang Zhongjia Iron & Steel Co Ltd,0.0,1,1,1,44849644598.81647,33.29175,113.458011
Wuhai Baogang Wanteng Iron and Steel Co Ltd,2000.0,1,1,1,10643778627.3466,39.855971,106.886647
Wuhan Iron and Steel Co Ltd,15907.0,2,2,1,944333261744.1309,11.5281545,113.35565
Wuhan Shunle Stainless Steel Co Ltd,0.0,1,1,1,907501352303.6891,30.394434,114.257701
Wuhu Fuxin Iron & Steel Co Ltd,2000.0,1,1,1,138640037472.02008,31.194505,118.067833
Wuhu Xinxing Ductile Iron Pipes Co Ltd,2000.0,1,1,1,136762481121.89561,31.229893,118.150867
Wulanhot Iron & Steel Co Ltd,1350.0,1,1,1,6946485045.392606,46.055685,122.063282
Wuxi Xinsanzhou Special Steel Co Ltd,0.0,1,1,1,1082132786387.247,31.681005,120.251785
Wuyang Iron and Steel Co Ltd,5040.0,1,1,1,45940915751.15511,33.287536,113.474328
Wuzhou Yongda Special Steel Co Ltd,1000.0,1,1,1,20407801262.354763,23.520307,111.229981
Wuzhou Yongda Steel Works Co Ltd,0.0,1,1,1,20417062762.104164,23.524465,111.2402
Xiangfen County XinJinShan Special Steel Co Ltd,0.0,1,1,1,56180942974.09055,35.934831,111.49707
Xiangfen County Xingyuan Steel Group Co Ltd,0.0,1,1,1,54047494823.95018,35.880324,111.387956
Xindia Steels Ltd,0.0,1,1,1,6322139360.904126,15.293421,76.234947
Xingtai Iron and Steel Co Ltd,0.0,2,1,1,102837891824.24213,37.036845,114.909232
Xining Special Steel Co Ltd,2040.0,1,1,1,83822768126.2421,36.66856,101.671414
Xinji AOSEN Steel Group Co Ltd,3600.0,1,1,1,64977267560.79762,37.752351,115.184798
Xinjiang Bayi Steel Southern Xinjiang Steel Baicheng Co Ltd,0.0,1,1,1,,11.56703,104.863893
Xinjiang Da'an Special Steel Co Ltd,1000.0,1,1,1,9980457684.111929,42.700465,93.542466
Xinjiang Ka Steel Group Co,1000.0,1,1,1,31758442311.131493,39.142997,76.161589
Xinjiang KingTec Steel Co Ltd,1334.0,1,1,1,251813843.39553678,42.674192,86.280156
Xinjiang Kunyu Lron & Steel Co Ltd,0.0,1,1,1,12385733222.589043,44.404189,84.966753
Xinjiang Minxin Iron and Steel (Group) Minhang Special Steel Co Ltd,1110.0,1,1,1,1371669424.6044357,44.080866,88.417209
Xinjiang Xin'an Special Steel Co Ltd,400.0,1,1,1,15657545836.552198,44.290299,86.595826
Xinjiang Yili Iron and Steel Co Ltd,1000.0,1,1,1,241463368.3003911,43.526808,83.294323
Xinxing Ductile Iron Pipes Xinjiang Co Ltd,2000.0,1,1,1,1715270759.0508802,42.333321,86.302481
"Xinyang Iron & Steel Co.,ltd of Angang Group",3600.0,1,1,1,25489388081.02884,32.488704,114.038243
Xinyu Iron & Steel Corp Ltd,11001.0,1,1,1,19651076690.366817,27.786859,114.921595
Xiwang METAL Science Technology Co Ltd,0.0,1,1,1,232695916104.6894,36.928208,117.694654
Xuan Thien Group JSC,0.0,2,1,1,,20.238415,106.1449115
Xuanhua Iron and Steel Group Co Ltd,0.0,1,1,1,57329878465.450134,40.589591,115.090889
Xuzhou Baofeng Special Steel Co Ltd,0.0,1,1,1,168260403648.45685,34.364872,117.322633
Xuzhou Jinhong Iron and Steel Group Co Ltd,1000.0,1,1,1,187294549550.29538,34.500122,116.908897
Xuzhou TaiFa Special Steel Technology Co Ltd,0.0,1,1,1,184912723193.8974,34.448514,117.271876
YK Steel Corp,930.0,2,1,1,,36.0009625,127.81632
Yamato Steel Co Ltd,700.0,1,1,1,363252708713.5595,34.783319,134.604616
Yancheng Lianxin Steel Co Ltd,2410.0,1,1,1,10314664470.55297,33.211332,120.774892
Yangchun New Iron & Steel Co Ltd,2400.0,1,1,1,17881519600.432796,22.084904,111.642187
Yangzhou Hengrun Ocean Heavy Industry Co Ltd,3300.0,1,1,1,346386815621.02826,32.249602,119.620438
Yangzhou Qinyou Special Metal Materials Co Ltd,2400.0,1,1,1,65227295256.339325,32.838703,119.425236
Yantai Walsin Stainless Steel Co Ltd,1400.0,1,1,1,103069575604.10121,37.548627,121.277488
Yazdani Steel and Power Ltd,110.0,1,1,1,20857299864.444664,20.928285,86.036604
Yazici Demir Celik Sanayi ve Turizm Ticaret AŞ,1050.0,1,1,1,,36.685932,36.206275
Yenakiieve Metallurgical Plant Branch PJSC,2200.0,1,1,1,,48.220502,38.228626
Yesilyurt Demir Celik Endustri Ve Liman Isletmeleri AŞ,1300.0,1,1,1,,41.241199,36.442055
Yichang Fulong Iron & Steel Co Ltd,0.0,1,1,1,49031892696.54453,30.586332,111.398846
Yieh United Steel Corp,1000.0,1,1,1,,22.830857,120.300604
Yildizlar Yatirim Holding AŞ,0.0,1,1,1,,40.870333,29.55767
Yingkou Iron & Steel Co Ltd,2800.0,1,1,1,91724084080.72388,40.664651,122.415057
Yun County Rongfeng Rolling Mill Factory,700.0,1,1,1,25963062787.85427,32.738598,110.793269
YunNan Province Tiangao Nickel Alloy Co Ltd,500.0,1,1,1,5339333692.55721,24.80128,104.063455
Yunnan Desheng Steel Co Ltd,1350.0,1,1,1,10286556831.679462,25.142516,102.077727
Yunnan Jingye Steel Co,0.0,1,1,1,273368730295.38803,25.023852,102.312086
Yunnan Muguang Industry and Trade Co Ltd,850.0,1,1,1,24764533471.467373,24.077079,102.771634
Yunnan Qujing Iron & Steel Group Yue Steel Iron & Steel Co Ltd,0.0,1,1,1,26809329967.739597,25.304544,103.889418
Yunnan Qujing Iron and Steel Group Chenggang Iron and Steel Co Ltd,2600.0,1,1,1,27315578270.089233,25.45543,103.547242
Yunnan Qujing Iron and Steel Group Co Ltd,1400.0,1,1,1,5195450857.674727,26.275342,104.168311
Yunnan Qujing Iron and Steel Group Yanggang Iron and Steel Co Ltd,0.0,1,1,1,26784939965.360577,25.308777,103.876391
Yunnan Qujing Shuangyou Iron and Steel Co Ltd,0.0,1,1,1,24787706325.18446,25.54218,103.781041
Yunnan Yuxi Iron and Steel Group Yukun Iron and Steel Co Ltd,7042.0,1,1,1,42865030197.98117,24.465884,102.543682
Yunnan Yuxi Xianfu Iron and Steel (Group) Co Ltd,2980.0,1,1,1,5917754914.752478,24.012309,102.186364
Yuxi Huixi Metal Casting Products Co Ltd,850.0,1,1,1,31282113440.836994,24.360481,102.481118
Yuxi Iron and Steel Group Zhenfei Iron and Steel Co Ltd,0.0,1,1,1,24702589529.404434,24.074756,102.765983
Yuxi Xinxing Iron & Steel Co Ltd,0.0,1,1,1,26187943503.026657,24.249024,102.521747
Zaporiz'kyi Metalurhiinyi Kombinat Zaporizhstal' PJSC,4102.0,1,1,1,,47.86838,35.161773
Zarand Iranian Steel Co,1500.0,1,1,1,,30.749633,56.6675096
Zenith Steel Group (Nantong) Co Ltd,5850.0,1,1,1,66690061129.080475,32.133954,121.513173
Zenith Steel Group Co Ltd,3700.0,1,1,1,923723675752.135,31.707656,120.079591
Zhejiang TSINGSHAN IRON&STEEL Co Ltd,500.0,1,1,1,265337971447.7025,28.136096,120.380401
Zhejiang Wantai Special Steel Co Ltd,1200.0,1,1,1,1491385171958.7524,30.944342,120.971803
Zhejiang Yuxin Industrial Co Ltd,1100.0,1,1,1,51311817316.48659,28.787202,120.248592
Zhengzhou YONGTONG SPECIAL Steel Co Ltd,0.0,1,1,1,163207599567.30643,34.64443,112.937985
Zhenshi Group EASTERN SPECIAL Steel Co Ltd,0.0,1,1,1,510427950908.4181,30.720411,120.898518
Zhongpu (Handan) Iron and Steel Co Ltd,2250.0,1,1,1,51650204158.49052,36.721376,113.910271
Zhongxin Iron and Steel Group Co Ltd,5400.0,1,1,1,72875646565.90677,34.368618,118.31556
Zhuhai Yueyufeng IRON&STEEL Co Ltd,3051.0,1,1,1,53451341505.72573,21.96092,113.198718
Zibo Qilin Fushan Steel Co Ltd,0.0,1,1,1,238583756138.21915,36.887998,118.145416
Zijin County Dongri Foundry Co Ltd,720.0,1,1,1,125946921004.5538,23.356612,114.769565
Zunyi Changling Special Steel Co Ltd,825.0,1,1,1,45219639605.75884,27.614947,106.949752
Zunyi County Fuxin Iron & Steel Product Co Ltd,0.0,1,1,1,47452877237.39896,27.591697,106.815453
natural person(s); Hubei Xinxin Steel Group Co Ltd,1200.0,1,1,1,89934417378.5388,30.067469,114.934091
unknown,0.0,2,2,1,,26.4914555,118.077932
Çağ Çelik Iron and Steel Inc,0.0,1,1,1,,41.23542,32.645679
Çebitaş Demir Çelik Endüstrisi AŞ,860.0,1,1,1,,38.74074,26.951743
Çolakoğlu Metalürji AŞ,4500.0,1,1,1,,40.768409,29.529979
